"","Ludn_2019","Ludn_2020","Ludn_2021","Ludn_2022","Ludn_2023","WB1_2019","WB1_2020","WB1_2021","WB1_2022","WB1_2023","WB2_2019","WB2_2020","WB2_2021","WB2_2022","WB2_2023","WB3_2019","WB3_2020","WB3_2021","WB3_2022","WB3_2023","WB4_2019","WB4_2020","WB4_2021","WB4_2022","WB4_2023","WB5_2019","WB5_2020","WB5_2021","WB5_2022","WB5_2023","WB6_2019","WB6_2020","WB6_2021","WB6_2022","WB6_2023","WB7_2019","WB7_2020","WB7_2021","WB7_2022","WB7_2023","WB8_2019","WB8_2020","WB8_2021","WB8_2022","WB8_2023","WB9_2019","WB9_2020","WB9_2021","WB9_2022","WB9_2023","WB10_2019","WB10_2020","WB10_2021","WB10_2022","WB10_2023","WB11_2019","WB11_2020","WB11_2021","WB11_2022","WB11_2023","WB12_2019","WB12_2020","WB12_2021","WB12_2022","WB12_2023","WL1_2019","WL1_2020","WL1_2021","WL1_2022","WL1_2023","WL2_2019","WL2_2020","WL2_2021","WL2_2022","WL2_2023","WL3_2019","WL3_2020","WL3_2021","WL3_2022","WL3_2023","WL4_2019","WL4_2020","WL4_2021","WL4_2022","WL4_2023","WL5_2019","WL5_2020","WL5_2021","WL5_2022","WL5_2023","WZ1_2019","WZ1_2020","WZ1_2021","WZ1_2022","WZ1_2023","WZ2_2019","WZ2_2020","WZ2_2021","WZ2_2022","WZ2_2023","WZ3_2019","WZ3_2020","WZ3_2021","WZ3_2022","WZ3_2023","WZ4_2019","WZ4_2020","WZ4_2021","WZ4_2022","WZ4_2023","WZ5_2019","WZ5_2020","WZ5_2021","WZ5_2022","WZ5_2023","WZ6_2019"
"1",79200,78778,77807,76184,75429,93.18,89.05,91.85,96.77,92.74,50.59,53.7,54.71,52.23,54.76,1.97,1,5.53,2.75,-4.21,13.05,10.42,7.03,10.03,15.99,39.93,39.94,40.25,39.89,42.15,4.34,2.67,9.62,3.96,-3.01,63.18,115.53,201.77,56.19,18.21,16.4,10.27,18.65,10.31,14.22,164.47,162.63,257.21,174.09,68.23,179.4,200.16,311.1,201.9,66.34,55.74,49.96,32.14,49.53,150.73,6.24,3.52,10.43,5.32,-5.2,2824.35,3296.36,3873.2,3901.6,4233.99,110.12,61.69,391.65,205.67,-325.62,2732.1,2355.77,2554.47,2295.26,3946.54,1663.22,1838.31,1746.04,1938.25,1107.9,1473.14,1414.79,1572.74,1634.36,1017.06,45.6,34.17,33.14,29.73,47.34,24.81,38.19,6.52,11.16,-12.12,4.25,6.89,2.65,6.01,4.25,2.36,2.19,1.21,6.96,6.68,6.15,10.87,4,8.49,5.73,33.89
"2",99486,99072,97958,93473,92568,91.52,90.88,90.29,94.15,85.41,50.36,52.68,51.58,50.09,50.79,4.18,4.04,8.39,3.51,3,11.88,12.17,9.26,16.22,18.25,40.38,40.45,41.25,39.39,45.04,9.29,10.94,16.46,5.58,10.68,104.17,105.81,204.7,52.09,92.75,7.34,10.28,20.49,10.15,5.57,113.36,135.7,249.9,151.31,126.96,116.26,142.88,288.43,157.7,130.12,86.01,69.99,34.67,63.41,76.85,13.28,16.7,24.37,7.81,15.23,2908.22,3223.03,3527.87,3694.25,3837.4,241.42,247.04,573.61,259.08,226.31,2806.07,2888.94,2991.48,2848.2,2598.6,1028.78,1325.66,2009.04,2344.26,2320.27,866.95,1162.23,1844.68,2172.55,2128.91,44.47,42.91,39.49,36.36,29.37,11.62,11.69,5.22,10.99,11.48,3.49,3.01,2.57,4.15,4.1,2.09,1.36,1.02,5.39,6.6,5.16,4.6,3.82,5.94,5.81,36.16
"3",641607,643782,641201,673923,674132,94,92.89,90.98,89.82,91.15,31.2,36.29,35.42,32.21,30.26,8.27,2.77,11.45,3.48,0.43,14.69,13.95,16.98,18.67,17.03,33.62,33.39,33.36,34.1,35.74,10.58,4.96,16.03,9.08,5.91,92.82,66.12,117.96,66.87,49.61,1.58,2.35,8.44,2.76,2.9,76.97,59.05,104.15,84.7,53.82,70.14,47.05,105.17,80.21,45.18,142.56,212.53,95.08,124.68,221.36,13.35,6.49,21.45,12.1,7.2,2252.99,2710.11,3112.81,2639.12,2609.91,597.26,206.86,1006.28,285,37.24,4036.22,4888.01,5743.78,5575.05,6351.82,1137.65,898.85,2066.66,1989.45,1126.31,799.84,553.85,1673.62,1456.01,796.23,52.54,60.8,59.46,61.12,67.13,6.76,23.63,5.71,19.56,170.58,5.39,4.94,4.49,8.14,6.38,1.89,1.06,0.71,3.75,4.31,6.84,6.66,5.97,10.73,7.69,22.63
"4",111896,110603,108944,102490,101082,79.63,80.78,92.27,85.88,90,48.36,50.82,50.81,50.34,50.45,4.37,4.58,8.7,0.89,-3.5,20.68,24.68,17.41,17.47,17.56,30.24,31.94,33.58,32.82,35.08,6.21,4.5,10.39,2.6,-1.78,120.09,90.71,88.7,82.66,34.53,7.92,8.62,12.53,9.89,6.08,100.69,106.8,110.32,77.43,67.33,100.9,107.68,112.59,56.45,58.17,99.11,92.86,88.82,177.14,171.91,11.14,8.13,15.21,4.59,-2.29,2667.35,3011.54,3366.2,3650.1,3748.13,240.76,271.14,576.3,64.46,-260.05,5385.23,5697.56,6242.55,6715.67,7537.28,1793.48,2235.51,1716.37,2272.55,1412.1,1387.47,1994.96,1435.69,858.55,953.03,77.75,77.68,86.94,79.53,91.3,22.37,21.01,10.83,104.19,-28.98,8.39,5.35,5.68,21.18,12.93,3.25,2.67,2.04,5.58,8.07,14.32,9.24,8.25,33.48,17.39,43.12
"5",349021,346739,341692,331898,328370,90.42,93.34,96.07,91.34,92.68,42.26,46.78,47,43.04,44.11,13.6,9.33,12.94,7.12,6.52,24.19,16.85,10.91,10.99,17.49,35.66,35.4,35.55,37.49,41.68,13.19,9.47,13.48,7.96,7.2,87.76,89.61,159.66,144.77,72.74,5.58,6.16,9.65,11.51,2.97,101.95,107.94,177.14,188.09,91.29,102.1,108.97,194.16,209.92,87.12,97.94,91.77,51.5,47.64,114.78,18.76,13.48,18.39,11.18,9.16,2597.82,2997.56,3362.2,3085.61,3268.87,835.98,597.89,925.31,510.38,483.37,3038.29,3243.93,3122.23,3016.7,2751.59,1865.3,1437.13,1649.24,1929.71,1981.99,1730.55,1283.11,1480.97,1725.95,1279.83,44.69,47.26,41.93,38.43,34.41,3.63,5.43,3.37,5.91,5.69,2.83,2.89,2.7,4.26,10.89,1.9,1.37,1.05,4.32,6.14,4.01,4.15,3.66,5.86,13.78,42.77
"6",94732,94076,92894,89832,89081,88.49,95.82,89.48,90.42,91.05,57.04,61.1,60.12,56.5,58.93,3.27,3.2,7.86,0.58,-1.97,11.82,8.74,13.72,19.17,15.27,39.87,40.05,40.91,40.32,43.33,10.13,3.44,10.59,1.56,-0.59,125.66,81.56,133.93,47.43,42.74,1.84,7.09,12.41,3.76,1.63,113.28,80.72,156.22,91.61,55.61,116.03,75.58,164.82,90.4,48.32,86.18,132.31,60.67,110.62,206.94,15.89,4.83,15.8,2.63,0.01,3475.13,4067.73,4432.82,4413.78,4776.52,199.36,213.19,579.43,45.41,-159.65,1568.33,2057.98,2242.16,2554.12,3245.7,1079.4,630.91,1944.91,1931.09,964.89,916.15,466.52,1779.83,1664.65,720.09,22.78,29.62,27.21,29.56,36.46,7.87,9.65,3.87,56.25,-20.33,3.1,2.83,2.41,4.74,5.25,3.2,1.58,1.51,5.6,6.86,4.85,4.26,3.73,6.96,6.94,30.76
"7",201798,201106,197812,196298,195263,92.38,87.34,92.08,90.58,88.89,47.75,51.47,50.18,45.62,46.78,7.91,8.27,14.76,7.36,5.64,21.16,20.11,15.4,17.03,18.35,36.54,37.95,38.7,39.06,43.07,9.27,11.4,16.17,9.53,8.31,65.38,98.6,150.62,93.43,85.59,4.92,7.46,7.7,7.24,7.91,68.42,97.45,143.44,107.48,99.45,62.75,96.85,160.52,109.67,99.32,159.35,103.25,62.3,91.18,100.68,13.31,17.96,23.73,13.46,12.01,2816.55,3216.34,3562.76,3148.51,3323.96,466.48,516.97,1048.27,508.14,400.96,5282.4,5546.44,5208.61,5692.57,5990.59,1176.9,1738.27,2201.72,1825.1,1843.57,915.01,1397.7,1768.44,1439.4,1496.13,82.72,77.51,67.55,74.71,74.94,11.32,10.73,4.97,11.2,14.94,5.95,6.16,6.56,8.32,8.35,2.24,1.81,1.39,4.37,5.35,8.5,9.73,9.44,11.66,11.09,45.15
"8",110287,109347,107745,102730,101450,96.98,95.54,95.89,94.23,94.92,49.61,51.99,50.3,48.01,47.53,8.74,6.1,9.11,-0.09,-1.56,13.73,10.78,13.96,12.67,16.19,43.09,43.25,43.73,43.96,47.57,9.12,6.11,9.62,0.51,-1.07,81.64,94.9,90.85,41.52,19.37,3.65,6.04,11.21,8.14,6.44,92.78,90.71,103.71,102.76,34.03,90.25,87.11,104.68,103.34,-21.45,110.81,114.8,95.53,96.77,-466.19,12.55,8.01,13.17,1.09,-0.83,3129.44,3535.16,3725.69,3613.59,3684.36,551.31,414.97,674.85,-6.81,-120.71,2339.35,2589.04,3159.53,3691.97,4832.72,1148.41,971.78,1428.69,1362.09,952.49,826.57,672,1143.53,1129.33,-326.15,35.97,36.38,40.9,46.22,59.18,4.24,6.24,4.68,-542.03,-40.03,6.27,5.17,4.34,5.62,19.47,3.67,2.64,1.58,5.86,6.43,8.48,7.34,5.94,7.68,23.91,26.67
"9",57264,57194,56760,54926,54581,91.17,88.1,93.37,93.4,93.13,63.44,66.65,65.68,62.79,64.72,11.37,9.12,11.75,6.37,5.47,14.84,15.86,12.09,20.42,11.18,43.42,42.49,42.71,43.79,48.9,11.4,8.64,12.15,6.18,5.69,136.26,132.15,155.44,55.92,107.87,12.41,13.75,16.2,9.33,12.67,175.28,179.84,209.55,125.6,163.42,188.1,191.13,243.04,126.13,173.71,53.16,52.32,41.15,79.29,57.57,17.76,13.5,18.57,9.19,7.96,3790.62,4330.27,4680.76,4623.15,4912.46,679.24,592.84,837.64,468.71,414.94,1056.42,900.36,642.97,901.62,1126.67,1893.29,2283.89,2365.71,2267.36,1715.82,1736.13,2126.53,2101.44,2230.95,1569.25,16.12,12.21,8.42,11.44,13.82,1.56,1.52,0.77,1.92,2.72,2.82,2.37,3.58,0.92,2.51,2.61,1.91,1.39,4.01,5.17,4.34,3.93,5.36,1.35,3.25,17.52
"10",62331,61588,60738,58357,57576,93.78,78.5,77.06,93.97,92.44,62.98,65.13,64.27,62.07,63.3,3.64,3.42,7.37,3.58,4.09,7.79,22.76,24.67,11.14,14.04,44.98,43.61,44.05,42.97,46.49,5.04,3.62,6.41,3.62,4.2,126.09,108.29,122.46,82.72,78.32,0.7,3.21,14.26,5.03,0.3,107.8,111.65,149.38,146.58,101.87,109.12,111.65,153.23,151.98,102.04,91.64,89.57,65.26,65.8,98,7.75,6.02,11.23,5.11,5.89,3656.18,4107.88,4470.92,4551.72,4904,211.31,215.51,512.87,262.54,317.08,2526.83,2606.03,2642.5,2578.95,2504.38,596.09,2003.61,3397.48,1449.86,1348.26,515.87,2003.61,3232.84,1347.04,1238.7,40.82,32.43,29.27,33.05,29.88,11.96,12.09,5.15,9.82,7.9,2.8,1.21,2.5,3.18,4.17,3.67,3.74,2.31,5.65,9.58,4.03,2.17,4.38,4.54,5.39,115.72
"11",339770,339547,337788,331991,330447,92.79,93.19,90.93,92.26,93.94,44.51,49.1,48.26,43.76,43.24,4.32,1.24,6.18,-0.01,-2.76,13.81,11.25,16,13.86,12.69,39.28,40.97,40.6,41.89,45.95,5.27,1.69,6.42,2.53,-1.19,78.83,68.25,90.42,52.01,24.73,1.66,0.49,4.71,2.97,0.13,72.61,63.1,73.09,70.56,40.73,66.2,51.29,65.49,63.32,24.49,151.05,194.96,152.69,157.94,408.41,7.43,2.51,9.51,3.6,-1.28,2866.84,3232.24,3591.74,3240.8,3268.08,278.1,81.77,460.21,-0.98,-208.73,4555.45,4862.84,5342.12,5833.32,6422.51,885.04,686.55,1246.7,1047.69,585.72,653.97,422.7,871.25,754.62,276.34,65.62,68.84,65.27,72.68,79.83,16.38,59.47,11.61,-5952.46,-30.77,4.81,4.81,5.2,7.13,9.42,2.25,1.56,0.94,4.78,6.98,6.73,7,7.52,9.76,11.54,44.42
"12",63511,63223,62368,59274,58685,90.08,86.82,88.79,84.95,84.34,61.7,65.06,63.9,61.09,63.62,5.41,4.26,9.04,4.26,3.83,17.51,15.2,18.11,27.03,23.53,44.65,45.37,45.65,46.48,49.94,6,4.51,9.86,4.53,4.25,81.77,113.29,107.68,61.94,75.69,4.46,12.13,19.26,7.44,9.85,71.21,113.2,152.18,114.44,95.54,66.93,115.43,158.89,115.59,95.14,149.4,86.64,62.94,86.51,105.11,9.11,7.1,14.14,7.16,6.4,4189.74,4633.42,4993.48,5039.84,5581.38,367.45,303.5,706.14,351.19,335.93,1939,2553.01,3151.96,3369.65,4328.19,1115,1616.26,2699.62,3616.32,2703.34,912.76,1410.42,2497.69,3382.75,2469.34,25.72,31.12,35.81,34.7,41.61,5.28,8.41,4.46,9.59,12.88,3.3,3.03,2.71,4.22,5.03,2.4,1.66,1.16,5.23,6.69,4.97,4.82,4.15,6.56,7.14,23.05
"13",123691,123341,121714,117379,115847,88.72,84.74,89.46,85.07,91.21,52.25,55.74,54.44,50.23,51.62,6.25,5.13,10.75,3.08,3.14,20.56,20.22,22.31,21.01,18.98,42.34,39.84,41.55,43.92,47.95,8.47,6.89,12.42,4.87,4.17,78.19,96.22,87.89,80.04,56.29,12.15,15.47,17.72,12.91,9.73,123.48,124.23,143.23,158.88,113.43,126.1,129.11,146.22,158.88,114.14,79.3,77.46,68.39,62.94,87.61,13.21,11.45,19.33,7.74,5.35,3044.19,3499.06,3779.65,3522.61,3885.62,364.21,321.78,746.54,215.85,236.46,1533.07,1940.6,2396.16,2484.11,2987.31,1939.8,2252.25,2725.4,2872.55,2040.03,1782.15,1948.45,2602.16,2872.55,1949.4,23.34,26.2,30.88,30.13,36.2,4.21,6.03,3.21,11.51,12.63,2.84,4.39,1.79,1.25,2.72,1.89,1.1,0.65,4.15,4.48,4.37,7.39,2.72,1.9,3.55,18.35
"14",140874,141280,140708,139503,139132,84.41,92.3,92.33,91.62,81.06,44.66,49.63,47.55,43.2,43.17,5.72,1.67,10.18,1.54,-3,18.84,9.06,12.73,14.64,22.86,40.74,40.21,41.32,42.13,45.73,6.16,2.41,11.14,2.32,-0.58,110.51,102.25,141.08,63.22,66.75,8.62,11.54,13.76,9.98,9.44,114.96,170.78,202.37,139.15,96.44,116.12,184.04,213.73,142.53,96.24,86.12,54.34,46.79,70.16,103.91,9.73,4.06,16.3,3.22,-0.57,2881.76,3310.76,3623.88,3336.09,3394.21,368.75,111.46,775.65,118.57,-235.65,2741.5,2896.21,2797.2,2995.46,3872,1749.23,1325.5,2244.87,1971.69,2447.32,1640.02,1203.01,2134.09,1859.05,2309.64,35.86,40.07,33.89,35.54,39.92,7.43,25.98,3.61,25.26,-16.43,2.14,2.21,1.56,2.79,3.25,1.97,1.28,0.63,4.08,4.58,3.31,3.3,2.22,3.88,4.69,49.57
"15",682679,677286,667923,661329,655279,96.12,90.75,92.97,91.97,86.16,37.07,40.78,40.48,36.95,35.65,8.3,3.12,10.76,3.33,-1.46,15.32,15.92,15.03,19.22,26.84,35.13,34.4,34.98,34.74,37.5,9.9,5.42,12.86,6.14,1.07,74.38,72.55,116.04,52.47,39.23,6.44,6.81,10.79,4.17,2.38,83.95,86.29,105.02,82.71,44.99,80.04,82.85,107.59,78.44,37.1,124.94,120.7,92.95,127.49,269.55,12.91,7.9,17.72,8.53,2.41,2351.81,2691.34,3017.18,2781.16,2721.07,526.65,205.67,802.04,250.76,-111.28,5136.56,5502.41,5679.97,5952.53,7556.7,1098.98,1307.08,1867.83,1785.01,1461.76,842.29,1003.14,1265.77,1357.74,1053.97,77.82,75.67,70.86,72.73,85.31,9.75,26.75,7.08,23.74,-67.91,5.33,5.25,8.14,8.53,9.2,1.86,1.42,0.89,4.55,5.39,7.02,7.62,11.12,11.6,12.26,37.12
"16",73370,72785,71655,67734,66901,93.95,95.51,98.02,96.33,93.56,52.08,55.12,53.41,50.38,51.57,8.11,7.11,10.39,6.16,5.57,11.68,13,6.42,9.87,18.95,42.65,42.52,41.69,41.72,45.67,8.84,8.04,11.12,6.69,6.14,119.77,85.13,201.69,97.06,56.41,7.55,5.39,8.75,5.9,6.37,116.45,116.67,203.76,148.45,76.12,119.97,119.88,245.08,159.59,73.73,83.35,83.42,40.8,62.66,135.64,12.79,11.35,15.34,9.19,8.11,3321.11,3802.03,4128.32,4181.79,4401.39,517.35,490.54,802.89,511.42,475.34,1808.83,1838.53,1654.64,1553.98,2455.97,1094.97,1331.78,1354.86,1557.39,1577.32,929.32,1147.68,1165.49,1361.19,1388.92,26.65,25.46,20.98,18.03,26.93,3.5,3.75,2.06,3.04,5.17,2.92,2.87,2.58,3.18,3.19,1.8,1.26,0.87,5,4.17,4.15,4.12,3.48,4.29,4,19.6
"17",48106,47932,47493,45773,45403,93.97,85.98,96.26,94.55,81.11,50.72,53.89,53.08,49.65,51.68,3.37,3.54,8.71,-0.1,2.23,12.15,8.45,15.54,18.66,27.36,45.38,44.19,45.22,45.06,49.77,6.13,4.51,10.1,3.09,3.72,73.2,223.17,74.99,24.67,69.28,2.32,12.45,10.07,1.07,2.4,65.11,176.66,170.12,197.39,66.07,53.17,207.78,193.81,225.07,62.91,188.07,48.13,51.6,44.43,158.96,8.52,7.48,14.42,4.09,5.1,3019.89,3543.26,3880.41,3754.68,4109.37,200.42,233.05,636.97,-7.39,177.04,2941.19,3035.61,3176.69,3894.88,4975.22,695.39,1453.09,2795.49,4402.29,2115.25,423.19,1215.55,2380.5,3908.76,1842.35,46.42,39.69,41.83,48.7,50.75,14.67,13.03,4.99,-527.12,28.1,5.36,3.74,5.91,8.25,6.42,2.29,1.61,1.07,4.27,7.16,7.62,6,8.17,11.31,9.1,24.79
"18",774839,780981,780796,802781,804237,95.9,95.24,96.17,93.21,92.46,34.36,39.05,36.92,32.67,32.63,6.31,1.29,9.83,0.22,-10.92,14.48,12.59,16.33,16.61,16.31,33.39,33.8,34.28,35.71,36.32,6.67,1.92,11.51,1.13,-9.36,66.67,44.17,78.48,37.76,-12.79,2.95,2.41,8.75,4.53,1.18,74.35,53.67,79.15,76.51,9.74,68.53,43.98,76.1,74,-2.03,145.93,227.38,131.41,135.14,-4920.99,8.62,2.51,14.74,1.41,-11.19,2514.58,2952.07,3269.7,2739.67,2749.19,461.39,97.19,870.64,18.51,-920.23,3963.07,4452.98,5365.96,5845.26,7525.12,1059.27,697.95,1414.34,1411.71,200.42,795.55,472.92,1185.85,1233.19,-37.01,51.94,56.1,58.27,64.98,82.58,8.59,45.82,6.16,315.85,-8.18,4.65,3.94,3.31,4.65,7.07,2.3,1.96,1.43,4.1,5.41,5.87,5.25,4.19,5.9,8.53,34.56
"19",83813,83762,83274,80756,80446,95.57,97.13,88.71,94.49,85.42,58.13,60.2,57.37,54.39,55.55,7.5,5.34,9.81,5.43,3.36,10.84,11.51,11.51,16.55,19.29,43.74,42.82,43.58,45.67,51.08,7.92,5.41,9.24,6.49,3.81,107.94,67.39,192.25,60.09,88.46,5.59,4.72,12.25,5.38,4.63,146.65,99.46,202.29,125.65,101.3,152.05,99.39,216.49,127.66,101.46,65.77,100.62,46.19,78.33,98.56,12.19,7.72,14.51,9.4,6.12,4247.91,4660.83,4855.48,4636.28,4729.03,547.85,413.6,830.27,463.19,285.82,789.56,1049.4,930.94,877.45,1082.41,1344.05,1070.24,2286.38,2166.22,2226.21,1248.94,947.57,2148.58,2040.84,1994.91,10.33,13.17,9.76,9.73,10.86,1.44,2.54,1.12,1.89,3.79,1.52,1.73,1.55,1.9,2.92,2.72,1.44,1.12,5.29,5.52,2.25,2.54,2.39,2.69,4.07,22.58
"20",108580,108177,106748,104454,103515,91.87,92.51,94.35,96.37,89.14,52.97,56.7,54.28,50.99,52.21,4.96,3.38,8.03,-0.82,-0.41,18.18,8.31,9.29,7.56,14.65,47.02,46.9,47.39,47.25,51.12,5.04,4.57,9.74,-0.3,1.32,65.4,131.08,148.79,35.79,68.33,4.72,6.92,14.33,10.8,8.71,54.55,87.99,105.32,104.82,99.87,36.07,74.38,111.23,110.42,99.82,277.2,134.45,89.9,90.56,100.18,7.61,6,14.33,-0.18,2.05,3583.76,3993.51,4181.28,3872.7,4165.66,335.43,238.14,618.44,-62.28,-32.35,3951.44,3952,4286.74,4438.67,4835.19,1096.37,1157.31,1613.66,1419.41,1798.13,515.47,458.5,807.39,691.24,1372.17,53.66,51.91,52.5,56.32,54.02,11.78,16.6,6.93,-71.27,-149.48,9.15,10.41,10.71,12.49,8.89,2.34,2.36,1.59,5.77,7.65,13.15,15.5,15,16.51,11.66,15.95
"21",52071,51893,51380,48995,48471,94.72,95.53,94.88,97.32,97.59,53.21,58.1,56.73,51.81,54,3.83,3.71,8.9,5.66,2.68,11.2,5.81,9.99,10.4,6.34,51.58,50.29,50.2,52.23,53.76,3.92,4.01,8.82,5.93,3.28,77.59,141.11,141.45,76.82,78.25,4.82,5.52,6.81,3.01,6.74,137.44,177.53,163.62,126.53,87.42,141.98,197.18,175.64,130.84,81.8,70.43,50.71,56.94,76.43,122.24,5.72,5.68,13.01,7.34,4.37,3684.03,4237.92,4506.39,4288.27,4809.39,265.05,270.59,706.74,468.83,238.98,2133.43,2030.91,1899.57,1844.88,2339.8,1293.58,964.54,1561.93,1333.49,741.45,1191.79,854.7,1410.32,1186.33,479.65,29.19,26.6,22.69,21.69,25.64,8.05,7.51,2.69,3.94,9.79,2.34,2.16,2.2,3,4.6,3.25,2.72,1.72,5.85,6.74,3.3,3.15,3.1,3.92,5.47,68.15
"22",119709,118989,117573,113146,111927,95.05,94.61,96.16,95.51,92.69,38.39,41.28,42.2,37.41,36.49,14.93,12.81,12.89,13.87,15.75,18.01,15.39,14.62,16.95,20.88,40.77,41.37,41.77,42.95,47.49,14.49,12.62,14.35,15.09,15.75,107.76,116.7,113.28,105.57,106.29,2.85,7.38,5.4,2.07,3.5,105.39,107.91,132.4,90.26,96.93,106.55,109.92,140.71,85.19,96.33,93.86,90.97,71.07,117.38,103.81,18.71,16.87,18.56,18.85,19.01,3348.6,3675.75,3976.33,3807.63,3902.7,1302.14,1140.84,1215.05,1411.06,1684.28,4262.08,4489.4,4159.25,3868.23,3922.69,2084.85,1910.55,2337.25,2457.01,2751.25,1736.84,1552.04,1976.97,1524.51,2291.05,46.44,47.7,42.44,36.3,34,3.27,3.94,3.42,2.74,2.33,4.94,4.6,4.1,10.55,6.14,2.48,1.66,0.99,4.97,6.34,6.34,6.13,5.3,13.18,7.39,30.34
"23",212230,210532,208091,198754,196918,92.89,90.53,97.5,97.57,94.37,55.35,59.29,58.17,55.03,55.46,4.38,0.63,5.17,3.17,-2.34,15.73,14.55,11.01,7.71,8.91,44.75,45.06,45.83,46.46,51.76,5.02,1.05,6.06,4.58,-1,67.4,65.5,65.86,70.02,36.16,0.52,5.14,6.51,3.96,5.39,60.05,57.17,80.26,105.22,78.36,52.56,48.3,72.33,107.72,70.75,190.27,207.02,138.25,92.83,141.33,7.48,1.26,8.6,6.15,-1.49,3311.15,3733.06,4042.11,3937.16,4055.16,261.78,39.36,359.06,227.01,-171.4,2808.38,3520.77,3933.39,4239.09,4727.49,761.4,735.36,917.32,900.65,774.78,561.07,514.78,589.74,623.08,517.79,43.61,50.62,55.19,57.82,61.01,10.73,89.45,10.95,18.67,-27.58,4.07,4.03,5.26,6.15,6.87,2.19,1.69,1.2,4.08,5.83,5.96,6.29,7.29,8.23,8.64,30.72
"24",77990,78258,77645,75820,75502,98.06,96.96,95.94,97.51,92.46,56.5,60.92,59.21,57.16,60.05,5.84,0.84,6.49,-3.8,-0.51,6.73,5.93,6.68,11.04,9.86,45.12,44.71,45.98,47.73,51.2,6.67,2.31,8.92,-3.14,0.33,114.97,63.6,160.14,-9.6,69.54,-0.28,1.07,7.88,-0.19,1.62,99.61,52.56,141.48,45.86,60.13,99.54,39.07,149.92,36.72,50.18,100.47,255.95,66.7,272.36,199.27,9.63,3.6,12.79,-4.3,0.22,3677.3,4225.39,4571.37,4261.45,4622.07,380,58.54,500.75,-283,-39.51,4113.8,4306.89,4594.68,5384.69,5697.42,525.77,292.79,880.17,514.97,635.75,440.26,169.49,774.98,352.73,424.57,61.99,60.21,57.1,70.43,68.44,10.83,73.57,9.18,-19.03,-144.21,3.7,3.66,2.49,5.74,8.4,3.89,3.22,2.06,5.14,8.56,5.22,5.46,3.58,7.9,10.98,187.1
"25",1783321,1793579,1792718,1862345,1861644,96.26,95.68,95.31,95.53,94.13,25.87,30.56,29.75,25.24,24.29,6.27,-1.04,11.13,8.75,-0.72,12.69,11.3,9.83,10.79,14.78,32.02,31.04,31.75,33.43,35.26,6.38,-0.73,11.66,9.37,0.77,74.5,26.99,165.69,121.76,31.58,13.59,13.73,18.6,8.13,7.74,180.74,107.09,244.5,239.78,134.24,203.65,108.92,273.36,273.55,136.31,49.1,91.81,36.58,36.56,73.36,7.61,-0.96,14.29,11.1,0.91,2529.04,3025.59,3415.91,2803.29,2670.09,612.53,-103.26,1277.61,972.01,-79.48,2184.52,3151.62,3241.51,2830.87,2898.19,3090.03,1716.23,3261.17,3648.28,2734.08,2712.21,1387.73,3039.14,3352.27,2618.1,21.51,30.46,26.91,24.35,24.82,3.57,-30.52,2.54,2.91,-36.46,4.72,3.98,2.43,3.39,1.85,4.64,2.63,2.18,3.47,3.44,5.63,4.97,2.97,3.99,2.09,26.83
"26",128208,128012,127561,126623,126300,83.78,80.52,93.35,93.76,86.3,40.51,44.18,41.77,39.24,39.74,6.11,7.07,10.8,6.18,5.64,24.01,23.09,24.48,17.74,20.56,42.03,42.32,43.28,44.38,47.8,6.46,13.82,11.2,6.94,6.07,85.88,112.04,62,63.44,88.07,6.89,8.19,11.42,4.33,7.89,95.23,125.15,97.4,101.13,96.26,94.76,128.08,97.12,101.37,95.86,105.53,78.08,102.96,98.65,104.32,9.58,21.52,15.42,9.4,8.24,3021.16,3575.5,3712.36,3571.66,3828.27,456.09,572.34,960.01,562.56,543.52,2701.14,2988.11,3884.29,3911.21,4661.25,2315.06,3155.36,2772.67,2264.16,2505.51,2096.56,2892.62,2496.12,1867.45,2255.83,30.34,29.73,40.8,40.29,41.76,5.92,5.22,4.05,6.95,8.58,3.07,3.08,3.18,6.04,4.87,2.03,1.58,0.67,4.86,6.3,4.54,4.93,4.2,7.81,6.35,25.11
"27",46369,46139,45715,44530,44198,81.32,88.91,90.95,89.58,93.99,57.69,60.89,59.21,55.04,59.02,7.67,7.88,9.89,5.94,8.25,19.27,26.11,18.66,19.54,13.66,43.26,43.84,44.17,44.76,47.33,7.42,7.88,10.58,7.46,9.35,139.01,62.54,95.94,76.95,100.91,12.58,11.9,6.86,9.11,9.6,112.34,89.61,124.6,83.7,109.49,116.86,87.64,130.57,78.63,114.41,85.58,114.11,76.59,127.18,87.4,12.29,12.59,16.66,11.41,12.06,4219.28,4829.05,5206.16,4996.79,5789.64,560.72,624.87,869.29,539.41,809.5,4984.9,5661.63,5239.67,5673.07,5624.66,2473.22,2751.69,2814.89,2276.46,2366.79,1883.98,2262.49,2373.47,1630.44,1629.19,55.43,63.47,54.2,55.98,53.89,8.89,9.06,6.03,10.52,6.95,7.8,6.39,5.17,9.17,10.7,2.25,1.42,1.12,5,6.75,13.14,10.2,7.9,13.62,14.1,19.03
"28",60999,60442,59337,57193,56466,97.53,97.67,97.02,95.95,91.38,62.31,64.89,64.16,62.31,61.95,6.73,6.19,6.96,2.09,4.59,5.16,3.14,4.04,7.45,10.69,44.49,44.44,44.62,45.16,48.83,7.23,6.87,7.51,3.03,5.58,182.51,282.22,256.27,80.12,122.79,1.07,2.63,6.25,5.22,6.78,55.85,130.34,142.82,102.43,123.44,-51.46,173.44,195.95,103.79,131.88,-194.33,57.66,51.03,96.35,75.82,10.82,10.18,10.42,4.7,7.92,4061.05,4625.38,5030.26,5190.63,5519.34,438.69,440.99,545.57,174.13,408.7,2277.1,2024.82,1889.21,2016.47,2012.28,633.62,683.38,982.39,1049.93,1708.12,-170.19,375.71,601.48,681.12,1341.5,34.08,27.74,23.38,23.23,20.64,5.19,4.59,3.46,11.58,4.92,13.17,4.89,5.11,5.52,5.38,3.36,2.42,1.71,5.49,7.87,19.22,7.28,7.46,8.15,7.41,9.51
"29",194886,196821,198476,196726,197536,90.6,86.84,93.71,96.4,89.84,47.33,51.99,50.17,46.28,46.12,6.21,3.62,9.04,0.7,-1.49,18.6,15.83,16.31,14.36,18.73,42.01,41.2,41.91,42.34,46.41,6.1,3.97,9.31,1.28,-0.13,77.36,103.55,88.91,26.64,42,5.71,11.81,12.2,6.51,3.25,90.03,117.89,134.98,94.2,63.26,88.24,120.65,140.73,93.45,59.32,113.33,82.88,71.06,107.01,168.57,9.09,5.72,12.79,1.98,-0.35,3230.54,3755.09,4040,3687.12,3771.57,423.66,261.38,728.26,55.79,-121.73,4076.97,4546.5,4741.47,5237.54,6085.08,1554.12,1782.33,2242.8,1411.46,1339.24,1290.65,1580.18,2008.26,1239.95,1134.25,54.12,54.66,55.18,63.37,66.85,9.62,17.39,6.51,93.88,-49.99,4.6,3.14,3.12,5.07,6.61,2.03,1.3,0.71,4.72,6.52,6.43,4.78,4.25,6.43,8.3,31.43
"30",46907,46588,46057,44314,44012,95.41,83.97,86.72,88.47,90.06,60.51,63.91,62.36,59.52,63.06,4,1.19,6,-0.48,0.46,7.66,14.25,18.35,13.61,12.16,46.17,45.24,46.16,47.83,52.11,4.6,9.41,8.55,0.66,1.33,110.64,123.52,100.88,79.34,83.45,2.44,6.11,5.23,1.65,3.59,130.08,92.39,127.61,52.8,89.58,132.11,88.62,128.56,-5.23,88.81,75.69,112.85,77.78,-1910.53,112.59,6.97,15.57,13.15,1.02,1.74,3599.2,4077.01,4375.96,4309.69,4908.91,237.73,75.6,420.88,-34.5,36.01,2435.69,2516.73,2494.54,2524.54,2893.76,657.57,1446.68,1957.02,1348.99,1031.36,625.59,928.02,1905.57,-59.98,952.73,39.07,33.13,30.83,30.84,33.48,10.25,33.29,5.93,-73.17,80.35,1.76,7.56,1.13,19.24,3.42,3.18,2.21,1.6,6.55,7.49,2.48,12.49,1.76,28.08,4.49,242.55
"31",297356,297585,296401,293028,292058,85.58,89.58,92.87,92.26,90.9,49.04,52.81,51.95,46.65,47.76,5.08,3.9,7.55,2.69,1.22,23.23,15.21,8.92,9.7,14.56,41.28,41.38,41.42,43.51,46.97,7.21,4.43,11.08,6.49,3.39,76.41,90.11,168.21,106.02,66.64,2.51,3.33,6.36,1.49,0.41,78.68,84.43,158.19,109.83,65.58,76.46,80.48,175.62,115.5,60.18,130.79,124.26,56.94,86.58,166.18,10.49,5.57,15.79,8.69,4.2,3061.38,3560.83,3858.95,3422.44,3657.54,317.39,262.81,560.62,197.36,93.08,3112.71,3292.43,3104.09,2698.02,3052.21,1557.3,1230.31,1382.54,1327.31,978.67,1370.62,935.22,1181.08,885.47,776.09,42.67,43.74,38.81,33.93,36.23,9.81,12.53,5.54,13.67,32.79,3.33,4.5,2.85,7.23,4.48,1.8,1.32,0.86,4.92,5.73,5.14,6.94,4.05,9.77,5.67,30.08
"32",62965,62795,62278,60264,59965,88.99,87.38,94.94,93.86,91.18,60.21,61.31,61.27,55.92,59.75,6.63,4.18,7.72,2.97,1.83,14.6,20.47,9.53,14.57,12.02,42.88,43.3,44.63,46.38,50.9,6.92,4.89,8.15,4.76,2.05,119.08,75.51,134.26,57.49,85.83,5.84,5.3,9.81,5.89,5.85,134.97,90.53,133.08,93.35,99.22,141.13,89.5,147.68,91.35,98.97,70.86,111.74,67.71,109.47,101.04,9.02,8.66,11.98,6.79,3.67,3610.62,3945.92,4312.26,3972.85,4411.61,397.78,269.24,543.14,211.1,135.39,2174.22,2564.69,2685.35,2970.11,3149.66,1519.37,1593.1,1312.07,1427.79,1297.94,1350.61,1420.32,1010.01,1074.1,980,32.26,34.82,36.22,39.24,38.89,5.47,9.53,4.94,14.07,23.26,3.35,2.83,4.46,6.81,6.5,2.61,1.38,1.05,5.44,6.63,5.24,4.56,6.39,9.54,8.48,33.59
"33",69858,69786,69575,68752,68434,85.41,91.38,91.34,94.15,92.57,53.33,57.33,56.29,52.29,53.3,7.8,4.72,8.4,0.4,0.32,27.11,14.15,11.37,10.28,13.1,40.63,40.62,41.1,41.98,46.52,9.16,6.48,9.66,1.99,2.62,72.56,90.08,152.09,57.88,55.56,3.68,3.75,8.97,7.39,7,75.81,96.88,154.41,120.82,92.33,73.4,96.25,165.07,125.12,91.11,136.23,103.89,60.58,79.93,109.76,15.11,10.15,15.16,2.96,3.36,3417.03,3824.87,4121.22,3832.66,4027.46,499.6,314.81,615.22,29.01,24.53,3037.85,3147.18,3159.27,3393.42,3898.93,1831.45,1221.29,1589.4,1218.76,1215.54,1613.08,1008.78,1420.84,1046.28,1034.33,40.49,43.1,39.41,43.59,47.76,6.08,10,5.14,116.99,158.92,3.77,3.63,2.63,4.74,5.21,2.12,1.66,1.34,5.78,6.26,6.05,5.68,3.99,6.64,6.67,29.5
"34",468158,471525,470633,486226,486492,93.25,90.31,94.99,93.74,94.81,34.35,39.06,38,33.29,33.06,9.24,6.71,11.98,5.99,4.91,18.14,15.88,13.6,13.62,15.12,31.86,32.03,33.07,33.52,37.26,10.55,8.29,12.57,8.67,5.5,81.92,98.97,124.52,85.53,61.28,4.07,8.31,9.69,6.39,1.29,80.34,113.59,166.85,140.74,95.35,77.63,114.99,172.99,144.22,95,128.82,86.96,57.81,69.34,105.26,13.94,11.69,16.53,11.26,6.6,2479.15,2939.15,3302.41,2814.93,2814.96,666.74,504.66,1041,506.73,417.76,1985.13,2363.7,2266.09,2107.7,2206.41,1326.64,1661.74,2194.02,1914.09,1476.07,1126.67,1524.59,2083.39,1807.1,1369.68,25.65,28.37,24.77,23.36,24.57,2.98,4.68,2.18,4.16,5.28,3.01,1.97,1.41,2.02,2.17,1.65,1.14,0.8,3.56,3.99,3.95,2.81,1.85,2.57,2.55,16.4
"35",246244,245867,244104,243770,242141,86.85,91.11,92.87,94.25,93.08,38.14,41.99,40.95,36.1,37.07,2.82,0.71,8.09,6.74,1.03,21.23,13.22,9.84,10.74,14.87,37.3,36.74,38.07,39.7,42.32,4.93,2.68,12.35,10.68,3.7,68.59,69.14,157.18,114.43,48.95,2.9,5.54,13.15,17.31,12.98,65.86,71.89,136.33,189.92,114.25,58.16,65.01,156.55,215.34,119.5,171.93,153.81,63.88,46.44,83.68,7.16,4.15,17.32,13.98,4.81,2425.41,2919.43,3161.82,2731.32,2794.66,179.47,49.08,624.43,509.53,77.35,3005.1,3542.79,3792.67,3968.09,4312.1,1344.37,940.94,1643.78,2067.81,2037.12,968.94,683.69,1212.62,1827.8,1557.38,41.04,46.43,45.62,49.44,53.23,16.74,72.18,6.07,7.79,55.75,5.89,4.04,5.66,5.45,9.45,1.85,1.44,1.04,4.98,6.63,8.6,5.93,7.79,7.13,11.71,14.84
"36",90769,90320,89180,86737,86027,91.45,90.54,91.3,92.72,85.83,50.84,54.53,53.7,52.27,54.32,4.98,4.08,8.65,1.52,3.04,15.26,14.76,11.5,13.45,20.23,38.11,38.27,38.76,38.75,42.56,6.41,5.89,10.49,3.41,4.36,83.71,87.54,153.18,61.23,79.49,2.42,5.57,11.4,4.5,5.76,72.01,87.29,80.54,107.32,92.66,64.41,85.1,51.57,109.68,92.03,155.24,117.51,193.91,91.18,108.66,9.35,8.76,15.52,5.03,6.54,3187.31,3708.61,4057.12,4104.85,4506.68,311.96,277.72,653.89,119.55,251.94,2846.31,3253.05,3337.43,3308.85,3926.67,982.11,1155.34,1797.81,1706.45,2053.77,690.93,961.13,462.56,1318.7,1877.08,41.52,43.3,40.33,39.06,40.63,9.12,11.71,5.1,27.68,15.59,5.47,3.57,16.75,6.76,4.7,2.94,2.28,1.54,5.59,7.06,8.01,5.47,24.43,9.7,6.66,28.7
"37",35827,35562,35049,32474,32115,82.5,80.67,87.48,92.7,83.75,27.01,32.55,30.29,29.86,35.52,9.25,0.07,13,4.2,-0.44,19.95,17.98,19.18,18.93,19.76,37.94,37.45,37.53,37.34,38.72,20.83,9.63,17.59,5.49,1.64,134.67,109.7,132.34,53.99,76.63,19.62,18.77,19.17,8.08,3.55,156.5,191.2,190.53,135.47,100.02,169.38,206.43,206.53,139.49,100.02,59.04,48.44,48.42,71.69,99.98,29.37,14.51,23.53,6.98,2.6,2363.6,2794.51,3237.43,3510.43,4555.23,809.34,6.14,1389.62,494.3,-56.29,2644.19,2349.89,1994.35,1854.82,2119.47,3803.62,4195.76,4945.27,3965.71,3474.32,3352.38,3881.75,4555.34,3668.04,3173.32,24.93,22.08,16.33,14.63,13.84,3.27,382.81,1.44,3.75,-37.65,4.89,3.45,3.4,3.13,2.92,2.55,2.28,1.28,5.35,6.87,6.88,5.2,4.55,4.05,4.06,14.95
"38",170953,170303,168835,167509,166189,91.1,88.44,92.03,93.29,90.62,43.39,46.7,45.4,42.19,43.6,10.03,6.36,11.19,5.78,6.95,22.34,20.81,20.19,16.16,20.58,40.24,37.49,38.25,38.87,42.1,9.81,5.9,11.92,6.75,7.14,76.51,78.96,88.37,71.41,71.73,5.61,4.96,9.48,6.45,2.37,74.79,79.8,104.94,108.72,98.56,72.08,74.21,105.73,110.4,98.55,138.74,134.76,94.58,90.58,101.47,13.54,8.54,16.69,8.9,9.12,2855.37,3366.19,3721.29,3521.22,3750.24,659.92,458.42,917.1,482.47,597.66,1287.78,1942.04,2432.45,2580.08,3167.53,1410.75,1807.96,2240.31,1963.6,2058.02,1227.59,1316.68,1946.66,1673.41,2044.14,17.83,23.82,27.31,28.84,33.37,1.95,4.24,2.65,5.35,5.3,2.72,6.29,3.55,4.1,1.42,1.02,1.09,0.93,2.98,3.81,3.77,9.31,4.86,5.39,1.78,7.2
"39",165975,164447,162250,150594,148687,94.24,90.57,87.03,93.77,90.23,52.57,55.48,55.18,52.55,51.24,4.99,0.54,2.86,-1.09,-3.23,10.82,10.46,17.14,11.85,12.77,41.86,41.24,42.11,43.75,49.1,6.57,1.76,13.8,1.22,-0.74,96.29,94.22,88.41,40.91,50.25,2.56,6.41,8.14,2.75,0.85,87.6,94.36,110.78,93.17,62.61,84.16,93.05,111.77,92,56.9,118.82,107.47,89.47,108.69,175.74,9.8,2.77,21.89,1.71,-0.43,2813.56,3188.43,3478.5,3601.43,3463.15,267.24,30.94,179.98,-74.57,-218.19,1583.43,1896.53,2246.15,2536.11,2917.48,690.41,776.21,1531.77,1016.05,737.34,519.47,621.46,1415.3,856.75,581.44,27.88,29.89,31.01,34.7,38.95,5.93,61.29,12.48,-34.01,-13.37,3.79,3.04,1.94,3.64,4.97,2.79,2.03,1.08,4.22,7.42,5.51,4.73,3.03,5.09,6.33,25.8
"40",107963,107443,106272,102564,101184,93.39,91.34,92.11,95.38,92.53,51.4,53.35,50.25,48.87,48.96,3.93,4.48,11.1,-0.49,0.69,13.82,12,10.63,8.8,13.78,40.15,41.57,41.82,42.16,46.91,5.59,5.91,14.7,1.77,2.2,71.43,107.17,185.98,44.91,55.27,2.38,8.06,13.48,7.87,1.46,86.83,111.99,213.45,168.03,94.03,83.78,113.75,237.44,183.78,93.38,119.36,87.91,42.12,54.41,107.08,8.18,8.91,21.51,2.7,2.87,3133.87,3364.53,3691.18,3525.3,3680.68,239.46,282.35,815.64,-35.1,51.99,2239.13,2573.33,2439.22,2374.37,2476.52,1004.72,1055.33,2009.45,1447.26,1241.85,787.14,934.6,1845.13,1285.28,1113.95,34.3,37.27,30.58,31.39,30.48,9.35,9.11,2.99,-67.65,47.63,3.97,2.22,2.33,3.56,3.18,1.86,1.25,0.87,4.52,5.27,5.91,3.39,3.35,4.86,4.03,19.17
"41",221252,219278,215905,209395,207117,95.37,94.93,96.37,95.01,91.93,48.2,50.65,49.02,46.91,46.6,5.99,3.13,9.29,3.65,1.3,11.7,10.19,8.21,15.51,22.57,37.97,37.83,39.17,39.33,42.93,6.4,3.48,9.82,4.09,2.02,87.06,77.11,160.99,50.31,35.07,4.08,5.75,8.76,1.99,0.23,84.97,91.67,163.96,84.49,36.72,81.96,89.67,188.91,81.18,26.94,122,111.51,52.94,123.19,371.13,8.63,4.85,13.35,5.59,2.79,2879.08,3248.77,3564.39,3462.53,3490.91,357.61,200.74,675.61,269.45,97.67,2500.4,2832.66,2826.12,3123.59,4488.03,758.43,801.12,1344.67,1339.02,913.62,609.75,632.03,1114.58,1059.75,580.59,39.92,41.92,37.45,40.21,55.07,6.99,14.11,4.18,11.59,45.95,3.15,3.21,3.51,4.59,5.73,1.95,1.69,1.22,2.47,2.99,4.34,4.54,4.67,6.13,7.23,32.76
"42",119800,118899,117516,115317,114148,92.15,88.02,87.77,93.66,81.14,36.25,40.47,38.28,35.05,36.09,11.14,7.36,13.15,9.29,7.18,14.62,18.39,16.23,19.64,26.77,39.45,39.66,39.83,42.28,47.15,12.89,9.65,16.65,10.01,8.51,129.19,100.43,160.98,72.48,89.68,10.51,10.64,15.45,8.01,4.99,153.76,130.27,187.74,133.6,105.19,166.59,135.57,204.63,138.61,105.69,60.03,73.77,48.87,72.15,94.62,17.16,13.67,23.38,12.7,11.41,2376.32,2774.51,3032.52,2773.57,2847.82,730.17,504.68,1042.05,735.41,566.63,2604.82,2674.56,2448.97,2230.31,2321.74,1899.37,2190.76,2983.93,2692.23,3084.63,1661.35,1940.37,2727.33,2430.74,2829.15,36.62,34.34,27.13,26.4,23.87,3.57,5.3,2.35,3.03,4.1,4.09,3.66,3.02,4.43,4.02,2.02,1.28,0.66,5.04,5.82,5.41,5.26,4.21,5.58,5.42,22.15
"43",179154,178186,176009,171896,170457,93.15,88.62,87.26,88.42,89.75,38.94,39.59,41.4,38.28,37.61,15.42,13.71,15.19,10.41,11.16,26.01,22.92,27.08,25.77,19.47,38.63,36.09,39.63,40.61,45.62,16.8,15,18.32,13.52,16.05,76.6,103.49,94.58,75.6,105.15,4.58,13.89,9.91,1.72,2.84,96.03,111.65,133.6,101.53,98.61,95.75,112.53,136.05,101.7,98.39,104.44,88.87,73.5,98.33,101.64,22.37,21.24,26.2,18.71,20.16,2640.57,3121.63,3371.61,3127.25,3146.13,1045.54,1081.07,1237.01,850.24,933.61,2083.11,2923.68,2772.65,2671.91,2705.28,2075.32,2428.96,3676.58,2867.2,2050.37,1930.78,2276.1,3489.39,2583.73,1767.89,28.61,32.86,29.71,28.92,29.03,1.99,2.7,2.24,3.14,2.9,2.6,2.3,2.57,4.12,4.49,2.17,1.76,1.9,3.64,5.03,3.47,3.25,3.66,5.69,5.62,31.22
"44",88808,88425,87322,83477,82788,97.37,91.04,96.19,97.37,94.31,46.11,49.66,49.47,44.38,46.43,10.18,8.67,13.37,8.31,7.64,12.9,16.7,12.08,15.07,17.82,41.56,41.76,42.43,43.5,47.98,10.18,8.06,13.45,9.08,7.57,96.81,101.13,145.63,67.65,68.24,22.63,18.92,22.21,14.5,10.25,274.65,206.92,279.68,200.63,152.1,274.74,213.53,295.01,207.08,154.68,36.4,46.83,33.9,48.29,64.65,14.23,12.29,18.48,11.99,9.14,2595.42,3008.77,3348.04,3055.72,3387.52,572.85,525.15,904.98,572.05,557.43,339.42,271.49,206.13,269.02,372.04,2056.94,2436.87,2445.2,2392.06,2333.4,2056.58,2368.35,2376.49,2320.19,2260.92,5.87,4.08,2.93,3.8,4.81,0.59,0.52,0.23,0.47,0.67,0.14,1.11,1.02,1.15,1.06,2.33,1.93,1.54,3.39,2.62,0.19,1.67,1.4,1.47,1.27,2191.19
"45",91263,90759,89827,87842,87166,92.87,88.73,90.45,92.82,76.57,41.44,44.68,44.35,37.88,40.86,6.98,2.62,10,9.8,-1.44,10.03,12.21,12.45,12.35,15.78,42.86,42.94,42.96,43.12,47.74,7.8,4.56,11.48,11.13,16.83,141.33,113.14,160.6,138.01,153.41,6.66,5.92,9.53,7.72,9.93,128.52,133.08,187.91,198.38,208.9,137.46,140.64,206.81,218.25,224.86,72.75,71.1,48.35,45.82,44.47,10.05,7.67,16.74,15.27,25.18,2446.7,2788.15,3200.6,2996.43,2995.13,412.09,163.47,721.95,775.53,-105.38,1815.3,1907.58,1728.77,1564.75,1372.77,1034.13,1382.21,2108.9,2397.89,3336.78,841.94,1188.95,1910.3,2194.8,3132.67,28.55,27.12,21.67,18.36,14.34,4.41,11.67,2.39,2.02,-13.03,3.78,3.2,2.77,3.47,3.35,2.66,1.68,1.31,5.92,8.51,5.3,4.86,4.02,4.69,5,25.1
"46",293636,291774,289162,281418,279119,92.63,88.46,92.26,92.92,81.64,34.27,37.35,37.05,33.73,33.87,10.05,7.2,11.36,4.75,0.64,20.22,19.54,15.31,16.25,28.03,37.09,35.66,36.08,36.54,39.9,11.36,8.15,12.58,6.77,2.05,78.99,89.86,123.2,66.9,59.75,20.22,19.09,22.37,15.02,4.21,168.22,166.77,216.84,176.84,95.05,174.56,173.15,231.51,185.46,94.77,57.29,57.75,43.2,53.92,105.51,14.66,11.45,16.55,8.85,2.67,2361.11,2701.04,3012.93,2848.67,2975.04,692.32,520.94,923.79,400.97,55.84,2388.63,2639.23,2756.33,2693.62,3144.96,2887.24,2977.79,3181.02,3070.68,3407.45,2741.26,2822.03,3017.48,2895.53,3221.03,32.12,32.28,31.27,29.63,29.23,3.45,5.07,2.98,6.72,56.32,2.49,2.25,2.06,3.28,3.24,1.63,1.08,0.64,4.57,5.16,3.23,3.16,2.69,4.18,4.41,26.74
"47",74515,74601,74413,71849,71473,94.24,87.53,95.13,97.1,97.24,43.64,48.17,53.39,44.45,46.86,6.87,2.25,7.27,-3.4,3.33,11.94,11.04,10.83,10.67,9.29,42.57,41.21,36.83,41.34,50.61,7.21,3.18,7.9,-2.45,4.12,102.81,135.91,109.98,-3.33,62.18,2.78,12.02,14.64,5.17,1.75,121.72,153.52,191.27,142.82,106.74,123.36,155.42,198.57,142.89,107.24,81.06,64.34,50.36,69.98,93.25,9.74,3.94,12.25,-3.09,5.07,2369.28,2765.61,3879.88,2849.66,3041.15,373.21,129.07,528.21,-218.09,215.83,1371.64,1723.4,1974.22,2045.39,2079.7,897.8,1107.93,1690.36,1132.08,737.39,845.83,1083.09,1624.95,1130.85,689.45,23.81,26.27,25.85,30.98,31.16,3.68,13.35,3.74,-9.38,9.64,1.71,0.9,1.25,1.73,3.28,3.38,1.99,1.54,5.54,8.22,2.44,1.48,2.03,2.41,4.08,89.09
"48",55088,54860,54468,52396,51876,91.14,94.5,94.7,93.61,90.06,51.27,54.33,52.92,48.61,51.71,7.46,5.89,10.83,7.48,4.76,18.49,11.25,11.04,16.99,16.85,42.38,40.92,42.09,45.39,50.77,11.28,6.8,11.88,9.17,5.58,81.86,98.16,148.47,75.59,81.89,7.17,6.11,13.38,10.64,11.56,103.97,133.65,168.24,136.04,119.21,104.43,140.06,182.13,140.47,122.59,95.76,71.4,54.9,71.19,81.57,16.58,10.08,16.98,13.04,7.13,2731.09,3141.15,3336.22,3081.62,3348.21,397.5,340.52,682.57,474.5,308.22,2030.68,1980.25,2133.6,2275.22,2615.46,1297.81,1097.88,1412.22,1833.24,1751.3,1167.5,966.37,1270.19,1685.81,1531.61,34.74,32.36,32.05,33.59,36.38,5.11,5.82,3.13,4.8,8.49,2.82,2.63,2.35,3.41,4.94,1.69,1.49,0.67,3.67,5.19,4.15,3.87,3.33,4.78,6.26,26.33
"49",137624,137030,135695,132040,131062,93.42,92.91,95.1,91.39,86.24,45.04,48.31,48.07,44.28,44.06,7.75,4.97,7.4,1.55,1.36,12.65,6.84,7.97,17.32,23.34,42.04,39.25,43.13,44.15,48.68,9.55,5.5,8.93,3.09,3.25,110.75,180.52,156.56,53.2,57.68,0.18,5.33,5.36,5.1,1.19,101.2,135.13,166.74,89.87,70.77,101.45,147.61,188.24,88.72,68.47,98.58,67.75,53.12,112.72,146.04,13.74,8.49,12.71,4.5,4.43,2555.02,2918.04,3289.62,2969.11,2966.58,439.62,300.13,506.13,104.06,91.88,1819.11,1804.79,1790,2212.01,2799.99,925.63,771.84,1209.29,1384.53,1542.99,768.55,622.15,1032.57,1226.79,1384.38,29.96,27.76,24.87,30.15,35.87,4.14,6.01,3.54,21.26,30.48,3.27,2.73,2.64,3.07,3.78,2.27,1.53,0.75,3.05,4.88,4.73,4.15,3.76,4.37,5.07,26.27
"50",138319,137782,136464,132266,131323,85.29,88.18,94.6,93.94,94.09,46.97,49.57,48.81,44.94,45.4,6.41,7.8,11.64,5.07,3.15,26.9,15.28,15.38,18.28,20.02,43.09,42.54,43.34,44.86,50.92,5.99,7.63,11.88,6.66,3.73,68.67,127.51,108.02,54.24,38.94,8.79,12.29,12.61,10.14,5.69,99.87,183.15,181.06,113.32,80.91,99.87,183.75,183.47,113.74,80.13,100.13,54.42,54.5,87.92,124.8,9.59,11.71,16.88,9.08,4.5,2768.59,3191.98,3512.42,3339.33,3340.24,377.8,502.4,837.36,376.83,232.09,1786.99,1784.94,1768.3,2358.76,3102.86,2034.34,1975.3,2154.67,1845.32,1502.09,2027.78,1967.54,2120.26,1795.08,1428.68,25.86,24.44,23.24,29.82,39.68,4.73,3.55,2.11,6.26,13.37,0.44,0.48,0.58,1.53,3.34,1.34,1.54,0.53,3,6.05,0.69,0.75,0.8,2.08,4.04,365.93
"51",66963,66587,65845,64139,63657,93.16,85.76,88.62,92.6,93.09,46.57,50.24,49.39,46.44,47.07,-1.53,-2.5,1.78,-0.1,-3.44,8.4,11.58,10.97,14.74,9.69,36.98,36.5,37.46,41.06,45.08,1.01,0.25,6.89,1.74,-0.43,62.38,105.05,120.82,45.61,35.94,5.65,9.86,13.27,7.43,6.88,115.12,131.32,118.34,131.24,104.68,117.88,134.98,132.26,132.05,104.8,84.83,74.08,75.61,75.73,95.42,2.01,0.49,10.84,2.43,-0.08,2448.79,2884.39,3118.47,2926.46,3017.49,-80.68,-143.35,112.52,-6.01,-220.37,1185.73,1492.78,1630.25,1799.22,2233.85,667.02,1130.88,1591.14,1467.55,764.95,577.42,1040.77,1010.99,1439.49,746.1,21.01,22.3,22.88,26.44,32.43,-14.7,-10.41,14.49,-299.44,-10.14,2.09,1.8,8.48,1.74,2.41,2.38,2.02,1.49,5.04,6.58,3.12,3.09,13.17,2.53,3,31.55
"52",201121,198996,195978,190406,188151,95.99,86.82,94.03,93.66,88.19,43.57,46.63,46.21,42.82,43.38,8,6.34,7.54,4.38,1.15,11.95,16.46,13.95,13.65,19.72,41.95,40.82,40.87,44.02,50.83,9.04,7.51,8.59,5.71,1.96,97.6,116.64,92.67,73.68,59.89,4.74,3.46,7.16,4.68,0.64,103.92,123.75,121.63,119.7,76.04,104.81,127.19,123.73,120.72,74.47,95.41,78.62,80.82,82.83,134.28,12.33,11.63,12.26,7.82,2.83,2212.37,2560.2,2904.64,2672.49,2665.13,406.42,347.94,473.9,273.12,70.81,906.19,876.71,1053.65,1151.72,1492.95,807.63,1435.26,1257.42,1187.98,1208.87,664.46,1288.79,1165.76,1139.1,1111.12,17.13,13.86,15.76,17.28,21.43,2.23,2.52,2.22,4.22,21.08,3.09,2.58,1.53,1.39,2.42,2.23,1.93,0.98,3.81,4.75,4.18,4.05,2.12,1.9,3.17,14.12
"53",49762,49363,48817,45972,45644,95.88,84.94,86.32,81.2,85,55.09,56.11,56.36,53.85,56.6,3.59,1.87,3.12,1.05,1.41,4.38,7.54,13.7,24.41,21.97,37.69,37.38,39.62,39.96,45.92,4.36,3.62,6.27,7.54,4.28,178.36,244.78,123.33,75.78,68.67,2.76,11.3,14.11,9.42,3.1,157.4,249.06,188.78,122.56,104.6,165.04,266.1,195.1,123.33,104.78,60.59,37.58,51.26,81.08,95.44,6.3,7.26,11.74,13.52,6.39,2721.87,3014.17,3350.01,3391.9,3567.96,177.21,100.5,185.42,66.15,88.9,1759.6,1640.44,1656.78,1923.37,2013.98,389.38,1193.47,1848.03,2550.66,1903.12,360.3,1144.31,1782.95,2481.56,1833.53,34.15,25.94,24.06,24.8,27.15,9.93,16.32,8.94,29.08,22.65,1.59,1.55,1.42,1.94,3.15,3.01,2.98,1.98,4.24,8.13,2.38,2.71,2.34,3.29,4.38,181.87
"54",127664,127307,126184,123562,122605,87.33,85.44,90.54,89.76,96.08,39.89,44.73,44.49,39.65,41.81,11.44,8.35,10.66,10.95,5.48,24.78,20.91,17.52,20.7,12.73,36.23,36.75,35.98,41.27,44.9,10.41,7.65,10.75,10.45,5.79,88.96,104.76,111.22,96.2,69.31,7.64,9.32,9.79,7.75,7.41,116.24,115.97,150.86,121.64,113.59,118.33,119.12,155.28,125.5,115.79,84.51,83.95,64.4,79.68,86.36,15.1,11.48,15.43,14.26,6.67,2481.67,2958.21,3238.08,2907.85,3083.04,711.94,552.09,776.11,803.04,404.06,957.8,1054.81,967.58,878.69,1127.96,2381.17,2224.14,2265.31,2443.09,1342.09,2147.66,1908.65,2145.42,2139.14,1177.11,13.45,13.63,12.04,10.75,14.7,1.35,1.91,1.25,1.09,2.79,3.57,4.28,1.59,4.14,2.95,2.2,1.52,0.84,3.93,5.42,5.12,6.6,2.23,5.58,3.43,9.04
"55",172806,171691,169831,156082,154642,91.05,88.88,91.99,91.5,80.99,48.57,50.92,51.57,47.8,48.07,3.67,0.06,6.6,-0.73,-3.15,15.59,12.91,11.87,16.13,25.05,38.93,37.92,39.49,40.48,45.28,8.44,6.07,10.2,2.67,0.29,75.88,84.82,121.67,44.17,58.95,-0.59,5.23,8.74,2.8,-0.71,61.61,64.02,116.59,76.45,59.86,50.71,52.32,122.7,70.87,54.27,197.18,191.13,81.5,141.11,184.28,12.36,9.57,14.58,4.28,0.53,2542.29,2849.55,3226.22,3167.38,3160.97,192.08,3.37,412.91,-48.47,-206.97,3153.98,4288.03,4301.32,4379.99,5056.56,736.81,703.2,1256.05,1214,1545.74,472.35,433.74,966.02,909.51,1230.11,54.86,68.11,63.25,60.49,62.28,16.42,1273.69,10.42,-90.36,-24.43,5.99,5.42,4.9,6.31,8.3,2.54,1.67,1,3.48,7.09,8.76,8.36,7.08,9,11.87,30.27
"56",62462,62670,62815,61835,61793,92.06,92.16,94.42,96.03,95.23,50.74,52.83,52.56,48.53,51.63,6.73,8.81,12.49,2.51,2.86,19.77,18.29,13.47,17.54,27.14,44.57,43.23,44.36,45.07,49.21,7.67,8.64,14.89,4.18,3.4,66.82,84.81,135.09,32.04,21.74,0.8,3.03,7.23,7.51,1.38,56.98,64.87,117.16,62.67,38.04,44.84,53.58,122.42,54.41,30.31,223,186.65,81.69,183.79,329.9,10.87,12.98,21.06,5.32,4.46,2833.72,3260.49,3633.95,3285.96,3588.01,375.93,543.44,863.72,169.71,198.41,5212.98,5455.86,3565.14,4446.42,5983.83,937.72,1079.84,1442.09,1074.74,1076.26,575.61,674.83,1153.34,763.98,762.36,85.94,81.48,48.68,63.06,82,13.87,10.04,4.13,26.2,30.16,7.22,6.93,4.56,7.27,9.1,1.45,1.08,1.27,4.55,5.85,10.45,10.36,6.45,9.62,10.87,20.87
"57",195266,194218,192468,184520,183147,86.43,90.04,96.01,93.96,91.25,48.13,52.78,52.6,49.21,50.65,4.41,1.87,4.85,-0.64,-3.65,20.25,13.9,8.07,10.82,14.53,39.6,39.4,40.73,39.39,41.94,4.49,3.12,6.15,0.25,-1.76,82.86,81.63,107.75,47.45,33.73,6.98,7.42,7.56,3.6,1.13,82.07,109.54,64.94,88.61,49.94,79.99,111.3,-6.96,85.57,45.15,125.02,89.84,-1437.68,116.86,221.47,6.78,4.59,8.91,0.41,-2.1,3176.54,3710.12,4072.24,3957.7,4238.14,291,131.63,375.44,-51.28,-305.44,4993.67,5264.95,5290.55,5696.65,6509.45,1467.54,1445.03,1281.08,1101.67,806.48,1281.33,1239.25,-44.99,839.97,665.65,65.39,67.44,65.61,66.55,70.98,17.16,40,14.09,-111.09,-21.31,3.94,3.8,17.33,6.88,6.46,2.3,1.73,1.34,5.75,6.93,5.98,5.79,24.05,9.5,8.61,61.69
"58",119760,119097,117952,113912,113195,93.65,93.36,92.59,93.35,93.34,53.31,55.89,55.08,49.45,50.92,8.02,4.54,10.16,4.2,2.06,13.37,8.17,12.74,10.46,9.32,43.65,43.09,44.48,44.76,49.43,9.65,6.45,12.58,7.48,4.64,104.23,137.07,138.5,101.17,91.41,3.32,5.47,9,5.16,2.64,97.36,163.49,163.69,162.84,113.36,96.44,168.88,169.42,174.63,121.66,103.69,59.21,59.03,57.26,82.2,13.54,11.37,18.39,11.72,7.52,2927.2,3189.83,3549.73,3330.67,3487.39,440.2,259.01,654.82,283.13,141.08,2599.91,2535.84,2537.06,2725.31,2545.3,1023.5,860.24,1508.09,1458.26,1267.02,751.78,819.06,1432.11,1316.75,838.55,44.34,41.48,36.45,37.77,34.69,5.91,9.79,3.87,9.63,18.04,6.03,1.81,1.71,3.91,8.77,3.15,2.73,1.7,5.17,8.46,9.14,2.83,2.59,5.51,11.23,30.14
"59",172194,171853,170622,168803,167844,89.55,90.08,88.87,87.71,75.93,46.89,50.93,49.52,44.19,43.94,3.07,0.89,9.58,4.48,2.87,13.19,7.44,11.32,15.81,34.76,34.97,35.39,36.27,39.1,40.91,4.78,3.43,13.19,5.45,4.7,100.13,149.36,191.42,103.1,66.81,6.95,8.87,16.35,11.45,3.41,110.4,185.38,223.95,153.31,147.34,112.53,211.71,248.52,172.77,148.33,88.86,47.23,40.24,57.88,67.42,6.54,5.15,19.54,7.83,7.2,3189.49,3624.23,3941.3,3434.43,3638.47,209.17,63.35,762.22,348.05,237.76,1881.96,1786.25,1713.29,1230.19,2019.08,1333.17,1375.18,2466.33,2917.15,6445.13,1127.75,1200.29,2284.17,2408.28,6355.76,24.77,22.61,19.13,13.88,18.51,9,28.19,2.25,3.53,8.49,3.25,2.67,2.24,6.6,1.71,2.19,2.04,1.09,6.21,4.81,4.69,4.04,3.29,9.26,2.57,20.05
"60",100482,99761,98447,94489,93681,95.8,91.26,90.83,92.15,96.96,48.16,51.6,50.38,48.49,50.57,7.73,2.49,9.41,3.93,-0.27,14.29,11.43,13.21,13.82,7.79,41.32,39.62,40.26,40.69,44.69,7.93,3.33,9.13,4.93,0.16,78.73,95.98,141.43,80.76,33.76,4.7,4.58,10.06,8.25,3.62,86.41,116.37,154.24,136.33,109.79,82.9,118.65,161.15,140.81,112.46,120.63,84.28,62.06,71.02,88.92,10.86,5.01,13.2,6.99,0.31,3034.35,3489.46,3869.08,3853.23,4037.57,486.75,168.33,722.72,311.98,-21.91,2607.27,2687.31,2791.48,2967.46,3004.01,1054.1,1127.58,1841.61,1875.32,945.91,803.44,1009.19,1706.76,1724.23,760.88,39.64,36.26,33.01,34.41,36.48,5.36,15.96,3.86,9.51,-137.08,4.75,2.24,1.97,3.67,5.08,2.38,1.78,1.13,5.57,7.77,6.5,3.36,2.85,5.19,6.2,24.74
"61",73742,73176,71935,68483,67596,93.38,83.2,93.16,91.55,95.44,51.08,54.36,53.34,50.14,53.7,2.64,-0.52,5.51,3.31,0.7,14.35,20.2,10.27,9.56,7.88,46.71,45.98,46.42,45.79,48.73,2.79,0.52,6.74,4.53,1.26,59.64,77.32,118.77,122.54,64.42,3.02,8.24,7.28,6.8,3.78,55.83,71.36,147.18,124.72,119.28,41.34,64.15,165.13,138.89,123.97,241.9,155.89,60.56,72,80.66,3.67,0.79,9.88,6.78,1.5,3541.11,4024.51,4354.27,4461.35,5047.33,182.72,-38.55,449.54,294.19,65.38,2513.9,3456.83,3252.63,3191.92,3211.3,838.38,1682.2,1794.5,1784.99,1184.21,467.35,1208.13,1458.44,1263.78,989.92,33.86,38.85,37.12,32.84,32.61,13.76,-89.67,7.24,10.85,49.12,5.72,5.83,4.26,7.08,4.44,2.12,1.29,1.15,5.24,7.58,8.19,9.68,6.15,10.11,5.74,14.39
"62",63774,63323,62429,60983,60313,92.46,84.3,91.14,92.2,88.52,52.81,55.73,55.31,52.6,56.01,6.95,5.92,9.89,2.02,1.83,18.03,18.93,19.29,11.28,10.21,44.46,45.71,46.74,46.56,51.08,8.28,6.35,12.75,4.68,4.37,73.83,111.8,91.11,84.1,132.57,2.13,7.75,8.04,5.8,4.07,74.84,108.94,122.39,122.66,147.92,69.48,110.1,123.97,128.61,160.68,143.93,90.83,80.67,77.76,62.24,12.08,10.43,19.25,6.59,5.86,3320.6,3864.3,4162.88,4055.91,4490.42,437.14,410.83,744.38,155.69,146.9,3407.52,3702.12,3910.28,3950.91,3963.79,1168.29,1874.15,2122.65,1487.59,1676.63,893.88,1676.75,2008.76,1235.5,1438.32,50.11,45,47.35,47.24,43.76,7.79,9.01,5.25,25.38,26.98,5.33,3.34,2.02,5.62,6.28,2.59,2.08,1.35,5.52,8.35,7.79,5.51,2.97,7.98,8.38,32.15
"63",535802,533830,530464,543347,540146,95.06,94.05,92.61,92.78,95.04,35.32,40.01,39.55,34.4,34.87,12.44,9.99,14.29,9.38,4.73,17.51,15.7,19.66,18.65,17.28,33.43,34.2,34.12,34.09,36.34,13.66,11.38,15.14,9.96,5.01,94.92,97.39,106.2,82.6,50,1.81,8.82,11.37,10.22,8.09,75.79,74.82,127.52,125.6,88.93,64.73,62.75,131.61,128.75,86.93,154.49,159.37,75.98,77.67,115.04,17.75,15.56,20.31,12.93,5.77,2607.53,3072.67,3444.5,3011.89,3125.17,918.51,767.51,1244.44,821.28,424.31,2148.05,2775.44,3043.92,3213.22,3908.15,1514.96,1424.72,2675.29,2566.63,1874,887.96,807.48,2403.85,2342.38,1550.11,27.66,33.99,32.37,34.04,41.44,2.34,3.62,2.45,3.91,9.21,8.61,7.91,3.11,3.85,5.79,1.95,1.04,0.69,4.33,5.69,11.05,10.74,4.16,4.95,6.86,6.67
"64",107225,106880,105801,104648,105905,91.97,90.55,93.94,95.14,94.06,47.19,51.04,49.31,47.08,49.55,4.35,4.17,9.01,-0.29,-6.56,13.55,10.72,8.98,10.36,11.63,40.87,40.6,41.07,41.8,44.39,5.69,5.75,10.27,2.35,-4.79,87.27,126.91,172.26,41.57,-1.73,6.19,9.6,16.03,9.29,6.73,106.69,144.06,212.06,152.38,48.31,108.31,156.77,249.28,168.16,34.68,92.32,63.79,40.12,59.47,288.36,8.1,8.65,14.31,3.54,-5.61,2718.12,3225.66,3549.36,3246.34,3443.22,250.59,263.36,648.34,-20.08,-455.73,3011.77,3139.03,3240.04,3178.27,4016.81,1145.07,1350.18,1824.88,1584.99,594.63,935.03,1140.25,1610.33,1344.18,337.79,48.09,44.97,42.28,43.85,54.37,12.02,11.92,5,-158.25,-8.81,4.71,4.09,3.41,5.62,7.13,2.83,2.4,1.44,5.24,6.72,6.71,6.12,4.71,7.46,8.79,40.53
"65",402067,400990,396472,393028,390278,93.21,86.52,91.27,88.4,88.78,39.78,43.8,42.72,38.87,39.82,8.91,7.53,12.6,9.15,4.79,23.3,26.46,26.08,23.36,22.31,36.45,35.6,35.95,37.91,41.2,10.01,9.91,14.76,11.47,8.57,58.52,69.42,71.85,80.38,63.74,6.07,12.12,8.72,4.77,2.89,84.18,83.39,109.72,109.45,77.96,82.98,82.47,110.31,110.11,76.42,120.51,121.26,90.66,90.82,130.86,13.43,14.94,20.52,16.03,11.13,2433.67,2895.53,3191.6,2855.16,2953.12,545.08,497.54,941.03,671.77,355.14,4739.5,5984.65,6355.84,6383.17,6866.93,1533.76,1936.37,2681.35,2381.2,1691.65,1404.96,1814.32,2541.49,2240.12,1549.57,72.21,78.33,77.64,76.83,82.2,8.69,12.03,6.75,9.5,19.34,3,2.72,2.78,3.06,3.65,1.44,1.43,1.37,1.77,2.37,4.06,4.14,3.84,4.24,4.66,53.11
"66",40883,40864,40696,39631,39189,81.55,53.49,45.75,74.67,62.17,44.88,41.84,40.14,36.61,38.32,0.94,11.05,15.67,9.54,6.42,45.29,56.42,62.69,42.42,37.21,43.49,41.76,42.65,41.67,43.57,1.99,7.03,8.29,11.53,6.33,28.75,85.08,94.75,65.23,121.31,14.28,13.04,13.16,10.27,12.28,64.55,95.1,110.22,107.93,132.65,60.86,94.95,110.22,107.93,135.83,164.3,105.32,90.73,92.65,73.62,3.04,16.95,22.61,18.95,11.67,2877.2,3302.39,3517.88,3350.79,3620.3,60.5,872.2,1373.32,873.06,606.86,3515.47,5671.83,6934.78,7922.58,7512.07,3745.6,8908.33,13688.93,6582.66,7625.87,3198.91,8630.57,13688.93,6582.66,7115.52,44.72,38.44,36.19,64.63,49.44,58.11,6.5,5.05,9.07,12.38,7.28,2.32,0.32,3.24,7.54,0.72,1.13,0.89,5.01,8.46,11.29,5.52,0.87,5.24,13.91,4.63
"67",90108,90032,89574,88022,87748,89.19,88.66,93,94.12,90.61,68.55,72.7,71.11,70.43,75.49,7.29,3.28,7.92,4.86,3.59,16,12.06,12.14,11.78,12.41,61.8,60.88,62.73,62.73,64.88,6.5,2.91,7.36,4.62,3.25,109.97,121.16,121.5,87.35,102.14,7.51,9.47,12.15,8.24,6.39,143.39,158.76,173.7,159.06,148.18,147.68,165.59,184.64,168.88,151.59,67.71,60.39,54.16,59.21,65.97,12.34,3.72,12,6.67,4.01,678.04,813.89,863.9,911.44,1110.02,72.1,36.72,96.22,62.87,52.78,216.3,210.7,205.97,171.32,146.61,275.12,263.21,308.23,305.08,318.71,257.86,245.94,285.28,277.75,304.47,19.5,16.69,15.77,12.46,9.03,3,5.74,2.14,2.72,2.78,2.14,1.72,1.98,2.77,1.7,2.99,2.12,1.4,6.31,9.06,3.15,2.62,2.76,3.94,2.45,37.44
"68",101118,100519,99340,96316,95255,94.69,95.18,98.07,87.52,87.75,65.81,69.31,68.42,66.52,73.19,8.9,6.76,9.2,7.63,6.28,9.01,5.99,3.95,13.37,18.71,64.66,63.44,64.34,63.89,67.44,8.46,7.22,9.64,6.73,5.51,160.74,198.95,299.06,153.6,93.82,9.4,12.45,18.2,21.29,18.1,193.61,274.74,479.69,260,193.51,209.99,320.22,596.98,270.73,195.63,47.62,31.23,16.75,36.94,51.12,10.71,9.08,13.08,9.39,7.76,608.05,724.69,771.12,813.3,980.6,82.2,70.66,103.66,93.31,84.12,46.15,30.26,17.62,6.49,0,189.62,215.06,264.29,483.39,571.91,175.03,198.9,251.28,471.71,565.35,4.73,2.75,1.53,0.46,0,0.56,0.43,0.17,0.07,0,1.63,1.53,1.16,0.89,0.45,2.82,2,1.62,11.09,0,2.12,2.03,1.44,1.26,0.61,8.93
"69",89319,88852,88189,85966,85386,93.8,98.42,98.18,97.47,89.73,60.46,63.8,62.8,61.77,67.26,6.11,1.15,5.39,2.28,0.06,6.07,4.21,3.81,5.02,14.44,66.09,67.72,68.92,67.35,68.97,6.41,1.13,5.34,3.03,0.06,209.61,63.44,193.23,94.31,68.28,13.69,10.42,10.57,6.9,6.79,299.2,278.83,273.66,189.8,106.46,299.2,343.81,387.12,236.97,106.46,33.42,29.09,25.83,42.2,93.93,6.52,2.77,6.47,3.93,-0.41,808.17,909.92,982.93,1058.64,1275.92,81.61,16.34,84.41,39.14,1.22,250.58,229.39,192.77,151.22,275.22,242.68,235.48,265.59,256.43,340.6,242.68,212.97,227.24,209.9,340.6,17.58,15.83,12.09,8.6,13.02,3.07,14.04,2.28,3.86,226,0.53,2.04,2.65,3.13,0.62,3.03,3.09,2.02,5.63,4.8,0.68,2.42,3.11,3.77,0.8,0
"70",35047,34698,34362,32842,32558,99.66,90.3,96.46,86.17,86.11,69.67,72.47,70.94,63.45,73.03,2.67,5.95,6.11,7.95,-0.94,1.94,11.4,4.3,18,14.87,64.84,67.09,68.33,67.94,72.06,2.67,5.37,6.06,6.87,-0.76,156.63,137.87,231.79,118.79,86.17,3.39,6.11,10.67,11.22,8.34,218.4,152.23,321.09,162.28,152.87,277.03,155.88,362.42,164.47,154.96,36.1,64.15,27.59,60.8,64.53,4.12,7.87,8.1,9.71,-0.85,835.87,986.49,1047.69,1092.02,1287.35,31.99,80.97,90.19,136.8,-16.6,562.83,522.26,470.21,432.17,376.24,75.26,268.38,237.3,583.93,493.88,63.85,256.85,225.66,571.75,481.59,46.75,34.65,30.71,21.64,18.38,17.6,6.45,5.21,3.16,-22.66,1.33,0.95,1.38,2.18,2.22,0.81,0.55,2,7.25,8.84,1.69,1.37,1.8,3.11,3.15,39.79
"71",50315,49937,49457,47844,47363,91.51,83.12,89.03,93.11,73.34,69.28,67.73,66.6,63.14,69.93,15.19,10.24,12.3,9.31,3.04,10.68,4.15,9.67,16.59,37.49,65.38,65.22,67.09,66.09,70.98,13.91,8.52,11.06,9.09,2.24,241.34,785.48,262.23,92.61,67.74,9.57,29.02,40.51,36.02,16.87,160.1,677.91,499.89,294.72,128.62,203.14,997.66,584.56,314.45,129.49,49.23,10.02,17.11,31.8,77.23,22.97,13.93,16.65,13.3,4.13,891.38,882.27,948.3,1010.46,1161.28,195.43,133.45,175.16,148.91,50.47,168.64,141.35,113.89,92.92,160.02,358.37,533.55,809.86,937.04,1279.97,264.96,505.52,781.55,907.77,1250.41,11.99,9.02,7.12,5.41,7.07,0.86,1.06,0.65,0.62,3.17,7.18,2.08,1.92,2.1,1.67,4.45,3.27,2.17,7.43,5.16,11.68,3.37,2.84,3,3,8.04
"72",63639,63388,63004,61145,60744,86.05,91.86,92.96,95.75,91.12,57.52,59.63,60.24,59.65,63.12,6.26,6.46,8.79,4.59,-4.26,16.39,3.29,4.57,4.5,14.72,57.57,60.52,58.43,53.61,58.15,6.25,7.77,9.77,4.41,-2.21,122.35,481.65,374.28,200.76,30.52,7.53,17.13,25.25,26.21,13.52,143.62,492.7,233.05,577.15,177.81,147.66,686.53,529.26,708.64,182.45,67.72,14.57,18.89,14.11,54.81,9.4,12.12,15.04,6.98,-3.63,638.21,719.24,826.06,950.3,975.1,69.46,77.9,120.49,73.1,-65.75,221.56,212.68,193.61,177.49,160.08,319.78,282.25,450.67,527.6,523.94,300.92,263.32,317.23,507.85,507.35,17.18,16.2,13.13,10.67,9.44,3.19,2.73,1.61,2.43,-2.43,1.97,1.78,9.26,1.83,1.85,2.97,2.08,1.66,6.05,9.24,3.19,2.77,14.34,2.95,2.92,34.95
"73",43429,43055,42516,40985,40550,97.2,91.58,94.56,88.83,95.26,70.79,70.52,69.54,62.63,72.79,3.03,4.03,2.69,8.27,-1.26,6.52,2.73,5.65,20.7,11.08,60.53,64.67,64.18,69.17,70.05,3.24,3.79,2.55,7.36,-1.2,87.43,490.76,145.01,87.09,29.52,4.17,13.29,15.07,10.62,5.4,133.86,638.5,373.54,149.93,120.47,133.86,638.5,373.54,149.93,120.47,74.7,15.66,26.77,66.7,83.01,0.88,4.92,6.29,10.12,-1.56,814.36,882.04,959.73,950.08,1162.78,34.81,50.39,37.19,125.48,-20.07,207.25,209.03,211.69,219.59,271.27,104.1,215.18,300.4,544.43,242.74,104.1,215.18,300.4,544.43,242.74,17.51,15.31,14.5,12.86,16.18,5.95,4.15,5.69,1.75,-13.51,0.51,0.37,0.21,0.73,1.13,2.89,2.44,1.45,5.65,6.96,0.8,0.6,0.31,1.08,1.59,0
"74",158600,157191,155075,149505,147823,92.88,89.83,96,77.45,92.48,68.28,72.02,71.21,70.86,74.65,7.64,6.12,10.05,6.6,2.02,14.27,5.76,8.13,25.69,11.53,53.94,54.59,55.72,55.15,55.76,7.29,5.59,9.94,5.74,2.24,99.6,303.79,178.61,110.58,79.51,3.26,7.28,11.28,9.85,6.73,91.53,164.69,223.04,137.34,150.63,87.48,241.27,250.8,139.39,157.01,114.31,41.45,39.87,71.74,63.69,9.89,6.59,13.72,10.11,3.4,843.8,972.14,1041.27,1139.57,1343.1,94.46,82.55,146.99,106.16,36.26,297.21,208.15,197.62,169.72,139.36,257.02,278.67,318.29,752.61,389.55,166.21,186.95,292.02,724.03,360.65,22.34,13.85,12.97,8.17,7.16,3.15,2.52,1.34,1.6,3.84,7.66,6.74,2.04,1.73,2.17,3.76,4.59,2.46,4.28,9.54,10.53,9.69,2.68,2.89,3.07,12.32
"75",55318,55210,55026,55023,54990,95,90.54,89.76,87.58,78.86,49.7,51.31,51.97,49.39,51.46,6.18,5.22,4.37,9.05,-4.42,6.85,11.75,11.96,20.65,24.01,63.13,64.06,62.38,59.87,61.25,5.87,4.85,3.93,7.94,-3.47,165.91,124.21,121.42,98.12,67.83,5.91,7.51,8.18,6,1.7,166.31,155.82,163.96,121.77,83.02,190.18,160.56,170.14,123.55,81.9,52.58,62.28,58.78,80.94,122.1,9.39,7.92,6.54,11.64,-4.76,642.52,730.51,812.25,884.84,924.8,79.88,74.33,68.35,162.1,-79.43,343.48,338.26,321.03,307.95,414.92,201.65,303.63,365.1,558.53,525,169.55,288.35,345.47,523.94,485.75,25.24,21.51,18.44,15.05,18.21,4.3,4.55,4.7,1.9,-5.22,2.89,1.41,1.35,2.41,2.73,2.12,2.04,1.22,4.77,5.54,4.48,2.32,2.2,3.98,4.82,22.7
"76",54493,54070,53488,52117,51642,93.59,91.62,96.47,94.34,95.28,73.2,76.85,74.18,70.42,80.71,5.44,3.45,4.92,2.32,1.82,5.15,10.53,9.96,5.28,11.11,63.91,62.86,65.71,61.84,66.58,5.09,3.16,4.96,2.19,1.73,239.29,110.77,81.69,152.61,55.12,6.84,8.75,8.44,3.92,2.41,138.51,112.26,133.47,134.49,72.93,182.95,118.57,142.04,176.29,67.76,54.66,84.34,70.4,56.72,147.59,6.41,4.94,8.43,6.54,0.3,797.24,912.55,940.16,1014.89,1254.02,59.26,40.94,62.4,33.42,28.23,337.7,359.26,383.9,296.82,393.89,166.9,229.4,223.38,233.56,165.64,102.34,160.01,189.26,138.4,129.21,29.02,27.72,29.22,19.43,24.16,5.7,8.77,6.15,8.88,13.95,6.41,6.05,3.02,7.24,3.98,2.99,2.51,1.45,5.22,7.22,9.59,9.58,4.26,10.59,5.72,15.61
"77",106211,106106,105637,103578,103114,91.4,91.92,96.92,90.87,84.89,60.98,63.08,62.09,63.9,72.1,0.34,5.06,7.86,1.49,-0.33,7.81,2.28,3.82,20.24,15.23,50.16,52.35,52.96,48.79,43.93,0.35,6.03,8.45,1.68,-0.18,115.51,626.21,301.62,46.19,96.91,4.37,19.68,24.67,7.59,8.04,103.89,428.37,331.83,131.21,124.52,104.91,733.28,692.12,133.43,126.47,95.32,13.64,14.45,74.95,79.07,0.41,7.9,11.52,3.24,0.07,787.92,882.83,934.88,1058.88,1485.94,4.39,70.82,118.35,24.73,-6.86,431.69,507.04,481.19,461.55,532.18,143.09,255.74,467.21,582.01,499.26,114.37,227,381.54,552.56,469.68,30.54,33.3,30.97,25.31,21.92,98.23,7.16,4.07,18.66,-77.53,2.86,2.51,6.03,3.02,2.79,2.7,1.86,1.66,5.54,7.15,4.16,3.56,7.93,4.47,4.8,40.56
"78",45975,45770,45359,43258,42960,91.64,91,92.31,94.71,86.44,80.49,81.37,81.49,78.73,85.75,6.46,10.93,8.83,7.19,3.75,5.67,19.54,9.79,12.26,16.46,65.8,67.69,66.05,58.61,65.18,5.92,10.03,8.17,6.9,3.25,276.91,96.24,173.39,98.5,102.49,10.29,5.61,9.94,13.54,10.53,234.3,125.2,182.81,142.04,157.38,299.46,128.48,204.5,149.37,164.24,33.39,77.83,48.9,66.95,60.89,9.45,14.53,13.47,10,7.01,1052.57,1225.07,1346.23,1658.65,1860.34,84.43,164.56,145.81,151.42,81.32,258.15,216.88,183.23,310.74,263.7,256.08,460.92,376.99,455.58,724.75,220.37,418.5,334.18,407.92,675.55,18.09,13.11,10.24,13.97,10.51,3.06,1.32,1.26,2.05,3.24,3,2.87,2.52,2.56,2.8,2.75,2.37,1.21,2.98,7.96,4.88,4.57,3.84,4.15,4.95,19.92
"79",37003,36913,36702,35902,35668,95.9,95.78,97,85.72,89.43,65.09,67.2,65.92,59.03,66.47,5.53,3.77,7.44,9,2.38,7.33,6.11,5.49,19.84,18.9,58.16,59.45,59.3,62.14,63.65,5.92,4.37,7.63,8.15,2.34,131.18,130.55,195.93,113.9,62.45,2.22,2.86,6.51,10.52,6.32,29.19,140.6,203.04,129.63,102.43,-229.99,147.69,224.85,132.28,102.67,-43.48,67.71,44.48,75.6,97.4,8.31,6.12,10.24,11.81,3.63,978.3,1084.62,1186.54,1183.59,1442.71,83.07,60.78,133.83,180.49,51.69,543.48,527.16,509.72,580.93,675.82,152.76,166.82,237.98,637.99,556.05,-258.22,149.17,217.51,597.56,506.95,34.68,31.28,27.47,24.83,27.84,6.54,8.67,3.81,3.22,13.08,27.46,2.06,1.7,3.09,4.15,3.56,3.23,2.16,5.5,7.64,38.32,2.87,2.27,4.58,6,4.71
"80",107090,107328,107182,106397,106427,90.52,90.45,88.43,87.21,86.24,58.53,61.08,61.58,59.89,66.16,12.28,6.11,9.91,3.98,2.11,15.51,10.69,9.71,16.17,13.95,66.32,64.57,65.33,65.92,67.91,13.27,8.44,13.48,6.2,4.93,141.34,148.33,237.43,100.68,113.85,9.38,10.8,18.42,15.16,12.08,158.89,184.17,261.66,180.3,171.27,164.37,206.29,315.07,193.88,188.22,60.84,48.47,31.74,51.58,53.13,16.8,12.18,20.52,8.68,6.91,609.5,694.91,781.55,782.16,964.03,127.91,69.46,125.72,52.01,30.72,437.27,402.72,362.76,324.42,269.34,291.16,297.25,427.9,509.82,490.29,275.54,263.67,387.29,468.91,435.3,38.01,32.02,25.27,21.66,15.94,3.42,5.8,2.89,6.24,8.77,2.6,3.45,3.29,4.24,4.64,3.28,2.45,1.82,6.95,8.7,3.68,4.92,4.67,6.11,6.77,91.82
"81",76723,76831,76670,77365,77378,91.04,89.41,91.76,93.34,85.04,55.41,58.93,56.99,57.13,64.06,10.05,7.28,9.54,3.84,2.32,22.62,10.15,18.13,17.54,17.95,67.88,68.74,70.25,67.9,69.39,9.5,6.87,9.36,3.6,3.23,75.7,182.48,92.45,53.69,93.23,9.17,14.88,19.21,10.84,11.48,105.57,237.52,165.84,134.15,133.91,105.76,258.81,172.6,137.45,136.03,94.56,38.64,57.94,72.76,73.51,11.96,8.59,13.38,5.37,4.61,590.31,656.72,686.28,746.8,927.53,107.11,81.13,114.89,50.25,33.66,231.86,239.49,292.16,315.39,379.95,305.61,320.27,441.06,393.34,440.2,296.19,302.19,416.27,367.49,420.81,19.81,19.22,22.26,22.52,22.31,2.16,2.95,2.54,6.28,11.29,1.23,1.92,2.17,2.83,2.81,2.16,2.45,1.28,4.39,7.49,1.7,2.74,2.86,3.8,4.11,53.08
"82",62948,63082,62882,61349,61253,83.34,78.28,87.54,81.45,74.85,48.98,51.14,51.96,46.92,52.97,9.85,8.39,14.77,17.2,9.41,11.34,15.85,14.19,28.27,33.54,54,58.27,59.46,62.62,61.98,8.25,9.86,12.94,17.81,7.07,258.74,209.43,205.77,122.52,94.05,25.31,37.29,45.69,38.53,29.89,363.38,355.86,359.31,218.06,182.47,363.38,376.04,470.23,244.99,187.32,27.52,26.59,21.27,40.82,53.38,11.12,16.52,19.59,28.64,13.96,453.64,476.68,534.47,544.57,642.54,91.23,78.21,151.93,199.62,114.14,285.95,272.66,211.51,130.4,97.95,388.09,617.58,743.8,1014.2,1071.58,388.09,604.9,681.78,927.81,1038.93,25.73,22.9,18,9.15,6.04,3.13,3.49,1.39,0.65,0.86,0.85,1.7,5.63,6.66,2.63,3.31,2.77,1.98,6.58,10.11,1.37,2.99,8.64,10.95,4.42,0
"83",43713,43456,43048,42125,41871,92.72,93.99,92.68,89.92,92.99,73.96,74.55,73.51,68.58,77.41,8.12,8.25,7.04,7.64,-1.55,8.82,8.52,9.45,20.18,12.01,61.3,63.8,63.22,61.66,65.09,9.14,8.03,6.53,6.92,-1.42,179.78,171.32,153.91,80.73,43.22,3.14,6.37,9.55,10.28,5.88,123.98,174.84,197.63,116.33,114.26,138.06,188.82,212.99,117.3,115.65,72.43,52.96,46.95,85.25,86.47,11.29,9.09,9.36,9.28,-1.26,898.97,996.33,1037.1,1093.76,1267.94,98.68,110.27,99.35,121.82,-25.4,220.82,194.78,169.01,265.57,306.77,212.47,237.11,313.22,458.77,284.74,149.08,215.77,291.67,436.75,262.59,16.85,13.7,11.1,14.97,17.42,2.24,1.77,1.7,2.18,-12.08,5.3,1.7,1.53,1.72,2.32,2.78,1.42,1.06,3.21,6.1,7.46,2.33,2.07,2.39,3.04,9.7
"84",54646,55356,55849,58305,58694,77.13,76.63,83.23,92.68,67.15,54.9,58.15,56.78,56.54,66.52,12.96,9.58,15.17,10.52,2.61,26.33,26.22,24.51,30.44,37.98,63.75,63.86,64.64,60.78,61.31,10.06,7.41,17.78,9.86,2,136.93,124.69,128.22,47.03,86.41,11.75,17.13,21.77,6.88,7.83,148.98,169.57,174.4,107.6,92.99,148.98,169.57,184.02,107.6,92.62,67.12,58.97,54.34,92.94,107.97,17.41,13.06,26.91,15.29,5.04,455.35,502.98,570.83,595.62,720.41,107.47,82.86,152.55,110.83,28.29,218.04,215.24,213.34,272.96,424.49,384.44,471.4,545.44,443.91,632.33,384.44,471.4,509.63,443.91,598.25,20.28,19.07,17.66,24.02,26.32,2.03,2.6,1.4,2.46,15,0.73,0.66,3.38,0.94,3.75,3.61,3.44,2.36,3.9,6.24,1.26,1.18,5.43,1.45,7.8,0
"85",157178,156550,155255,151767,150834,94.13,94.78,95.51,96.7,87.16,65.12,66.82,65.95,65.98,71.52,8.9,4.69,9.85,2.04,3.31,7.51,7.36,8.43,6.42,14.54,64.76,67.85,70.17,66.49,67.99,9.46,4.61,10.77,1.99,2.98,204.58,134.51,175.5,81.13,109.67,10.08,9.22,11.72,10.01,8.23,199.26,189.49,207.93,62.95,152.95,244.73,228.4,247.99,-49.51,157.37,40.86,43.78,40.32,-201.96,63.54,12.29,4.93,14.06,2.95,4.4,693.28,734.82,782.6,846.16,1035.99,94.74,51.53,116.91,26.21,47.92,324.73,289.81,255.7,261.58,243.31,228.83,226.5,280.58,218.91,394.83,192.75,190.28,244.05,-42.67,374.94,28.71,24.98,20.58,19.72,14.64,3.43,5.62,2.19,9.98,5.08,4.19,3.92,3.38,20.74,2.64,3.5,3.18,2.14,5.15,9.88,5.67,5.04,4.21,26.6,3.66,31.48
"86",85092,85401,85242,87138,87401,93.11,88.02,89.73,96.46,80.52,52.44,53.12,52.56,49.93,57.18,11.13,10.56,17.4,6.47,1.16,19.93,16.16,15.88,19.81,22.09,65.86,67.7,68.18,66.8,68.78,10.37,9.29,15.63,6.27,0.94,83.8,140.21,185,43.89,90.44,3.15,2.15,11.42,5.94,4.24,78.46,133.06,195.56,103.12,100.91,75.6,139.42,208.81,103.52,101,132.27,71.72,47.89,96.6,99.01,12.63,13.96,19.26,9.05,2.82,519.32,558.15,634.22,589.39,721.44,110.24,110.92,209.98,76.43,14.68,351.38,315.29,289.78,316.94,355.18,194.68,287.31,419.07,317.75,392.33,165.6,252.48,392.97,282.36,357.15,33.03,26.41,21.55,25.9,22.67,3.19,2.84,1.38,4.15,24.2,3.74,3.73,2.37,4.38,3.98,3.05,3.07,2,5.75,7.66,5.04,5.3,3.27,5.56,6.05,36.92
"87",55820,55414,54752,53334,52892,94.51,95.15,95.55,90.02,88.17,65.53,63.86,63.79,62.41,68.29,13.15,9.42,9.88,15.21,10.37,13.8,7.64,10.61,20.81,19.82,55.23,54.85,53.04,55.08,63.25,12.43,8.97,9.45,13.69,9.15,136.32,193.83,135.94,117.98,107.33,16.8,16.35,18.78,20.85,26.73,172.51,200.67,210.5,172.66,198.63,189.7,307.27,245.85,181.83,208.97,52.71,32.54,40.68,55,47.85,17.56,11.58,12.7,19.05,12.72,590.94,627.54,718.54,831.89,855.91,118.56,92.6,111.32,202.73,129.95,268.57,208.8,218.45,252.38,302.72,267.66,304.26,334.66,577.73,609.38,237.93,226.28,296.13,540.23,580.28,28.15,20.22,18.53,17.04,21.3,2.27,2.25,1.96,1.24,2.33,3.75,7.88,3.48,3.53,3.38,2.26,1.61,1.13,5.85,6.25,5.3,10.43,4.5,5.1,4.58,20.43
"88",46914,46725,46455,45867,45592,93.93,95.98,96.79,96.2,86.02,72.81,74.77,74.19,69.44,77.41,5.84,4.11,6.46,6.3,-2.04,11.34,4.71,5.97,6.37,18.6,60.76,62.16,60.76,60.11,64.18,6.97,4.3,6.77,6.34,-1.13,102.06,175.13,164.59,160.92,60.94,4.06,7.44,8.22,6.87,3.81,96.15,159.84,91.14,164.96,87.63,95.13,199.04,73.1,212.03,87.11,105.12,50.24,136.8,47.16,114.8,8.58,5.73,8.86,10.27,-0.51,979.32,1030.8,1198.04,1213.53,1369.01,78.5,56.72,104.25,110.11,-36.03,538.01,539.54,510.39,436.26,552.95,196.76,172.84,265.35,316.73,376.78,154.13,130.04,70.11,236.06,359.23,37.57,37.56,30.59,24.02,26.89,6.85,9.51,4.9,3.96,-15.35,4.21,3.99,12.26,6.04,2.55,3.28,2.7,1.83,6.68,6.32,6.04,5.61,17.36,8.47,3.87,41.45
"89",148663,153876,158755,181078,184738,86.53,66.82,93.37,69.51,96.03,36.17,36.69,38.48,34.95,38.5,22.3,16.83,23.66,11.93,2.07,23.55,20.79,27.36,30.98,17.76,43.23,44.02,42.39,41.72,46.09,19.59,35.3,22.96,36.21,2.88,158.19,304.61,106.98,141.11,29.34,15.63,38.62,41.64,38.76,36.28,152.74,320.85,235.05,228.06,247.53,175.49,364.83,255.1,241.04,278.61,56.98,27.41,39.2,41.49,35.89,24.88,59.79,28.17,59.03,3.52,333.47,337.66,423.34,344.48,362.69,205.56,154.87,260.34,117.56,19.51,263.5,217.82,162.62,101.81,57.99,482.5,772.76,854.05,978.9,597.11,387.29,732.76,807.09,939.39,555.13,24.73,15.82,13.8,7.18,5.91,1.28,1.41,0.62,0.87,2.97,9.73,3.26,4.21,3.36,5.06,3.21,2.25,1.6,8.05,13.18,12.67,5.5,5.11,5.52,5.81,8.88
"90",65104,64486,63629,61439,60838,89.93,92.18,95.42,96.88,89.63,64.04,66.62,64.28,60.54,64.9,6.84,8.15,7.87,8.12,2.42,11.74,4.09,11.58,10.35,13.03,64.96,66.56,67.48,66.13,68.35,6.58,7.53,7.59,7.97,2.43,145.47,425,105.01,106.92,95.62,8.23,16.3,14.71,13.17,10.82,167.75,370.3,206.05,92.4,182.53,173.86,564.86,227.7,80.33,182.53,57.52,17.7,43.92,124.48,54.79,9.21,10.08,10.59,11.22,3.72,879.54,1019.86,1051.99,1127.65,1305.34,93.91,124.72,128.81,151.21,48.7,636.11,599.47,566.83,565.72,571.37,311.3,381.57,490.05,472.01,536.99,295.94,338.45,449.73,158.69,536.99,41.66,36.1,33.05,29.42,25.46,6.77,4.81,4.4,3.74,11.73,2.24,3.39,2.91,18.3,1.94,2.95,2.2,1.7,6.8,7.61,3.3,4.86,3.92,24.58,2.83,122.37
"91",89612,88770,87887,86226,85446,94.3,97.34,94.66,80.31,88.11,54.22,58.58,56.4,60.18,64.97,-0.42,1.32,3.52,-2,1.53,6.15,3.33,5.5,20.54,9.69,61.84,61.4,64.65,65.77,68.25,1.6,1.59,4.14,-1.59,1.59,85.44,119.03,163.41,85.42,142.2,0.87,0.87,2.5,0,3.09,103.79,99.11,136.04,100,130.4,104.2,98.71,147.17,100,133.15,95.97,101.31,67.95,100,75.1,2.87,1.53,6.46,-2.04,-0.12,606.87,710.27,751.58,865.19,1044.05,-4.73,15.98,46.94,-28.69,24.55,185.52,173.58,149.53,133.31,117.5,84.72,59.46,133.1,390.9,241.42,76.71,40.68,110.03,379.07,226.07,15.63,13.94,10.62,7.45,6.44,-39.21,10.86,3.19,-4.65,4.79,1.18,1.86,1.86,1.19,1.47,3.24,2.56,2.05,7.14,9.74,1.6,2.5,2.4,1.94,2.17,75.1
"92",43719,43274,42766,41104,40757,93.24,90.54,83.71,95.79,74.17,73.25,75.48,74.66,69.97,77.87,12.38,3.75,6.89,3.15,-3.4,11.16,10.23,18.82,6.49,28.06,64.93,59.8,63.97,58.43,66.72,11.96,3.41,5.77,3.33,-2.52,178.34,129.48,122.04,112.24,77.9,10.02,9.62,11.26,11.08,2.42,244.54,218.57,165.95,258.71,112.11,245.8,220.54,166.99,272.15,112.34,40.68,45.34,59.89,36.74,89.02,18,6.91,8.48,5.71,-3.38,871.63,959.18,1033.24,1196.33,1242.63,147.32,47.61,95.35,53.87,-54.27,537.52,542.46,543.82,555.65,547.66,323.08,309.66,503.55,322.43,735.22,321.93,307.35,498.88,312.7,722.95,42.12,38.65,32.89,31.13,25.46,3.65,11.39,5.7,10.32,-10.09,1.63,1.49,1.23,3.04,2.01,3.65,3.44,2.88,8.02,5.66,2.49,2.38,2.09,4.59,3.74,1715.43
"93",55150,55007,54701,53902,53546,88.21,89.36,90.24,85.22,91.37,67.1,70.16,68.81,63.66,71.66,7.42,4.04,10.54,11.08,6.71,18.59,13.71,12.9,19.2,17.25,62.95,61.29,64.62,63.34,66.01,6.6,4.19,10.85,9.6,6.21,98.3,104.6,161.19,134.54,83.09,7.13,4.53,7.32,3.35,2.76,148.42,162.99,212.16,193.89,177.55,151.34,169.67,224.54,199.85,181.79,66.08,58.94,44.54,50.04,55.01,10.06,6.44,15.38,14.46,8.72,730.6,852.92,906.86,927.83,1095.27,80.79,49.16,138.88,161.52,102.52,160.55,139.76,121.28,103.52,87.96,362.28,334.21,411.34,635.06,556.52,348.39,314.54,392.07,615.5,540.27,13.01,10.27,8.3,6.05,5.26,1.99,2.84,0.87,0.64,0.86,1.46,1.69,1.43,1.56,1.41,2.57,2.33,1.28,6.81,8.36,2.18,2.49,2.03,2.3,1.97,29.72
"94",78935,79129,78915,78119,77964,87.91,79.56,89.32,93.04,89.36,63.84,68.43,68.74,64.55,71.79,10.03,10.44,11.34,9.1,3.03,24.15,21.06,19.81,12.75,17.43,66.05,68.54,68.13,68.21,69.67,8.89,8.36,12.67,8.52,2.78,83.05,151.26,106.37,124.83,72.95,13.56,19.37,19.74,21.76,13.59,138.05,195.6,194.7,265.53,171.52,139.91,201.91,200.89,276.12,174.25,71.48,49.53,49.78,36.22,57.39,13.28,12.54,16.74,10.75,4.08,607.32,732.63,811.41,812.3,983.98,95.47,111.78,133.85,114.47,41.59,101.6,84.48,67.79,57.8,47.2,394.46,533.17,536.39,472.2,499.69,381.18,516.3,519.47,461.51,488.98,9.39,6.28,5.13,4.27,3.08,1.06,0.76,0.51,0.5,1.13,1.39,1.36,1.34,1.08,0.96,1.74,1.68,1.21,6.78,8.49,1.87,2.05,1.79,1.36,1.22,13.28
"95",118041,119448,121098,124744,126088,84.48,87.45,92.75,89.34,91.56,34.51,37.76,37.18,33.44,42.75,19.59,12.98,20.77,12.69,7.88,27.26,18.7,16.98,25.17,22.51,56.32,54.74,57.25,59.95,61.46,16.55,11.39,19.26,11.37,7.21,125.95,136.49,176.34,83.83,63.89,23.35,28.69,37.28,32.32,21.97,189.31,257.74,338.1,219.51,189.64,191.73,263.84,347.99,223.17,189.64,52.16,37.9,28.74,44.81,52.73,23.96,16.08,24.28,14.74,9.61,250.89,285.41,319.14,267.8,362.83,142.42,98.1,178.27,101.61,66.88,19.81,13.53,7.52,0.04,0,425.99,405.16,489.92,532.08,430.79,420.06,399.3,484.14,524.87,430.79,2.3,1.57,0.81,0,0,0.14,0.14,0.04,0,0,0.75,0.71,0.64,0.82,0,2.78,1.95,1.31,328.72,0,1.04,0.98,0.78,1.06,0,9.28
"96",52018,51817,51427,49710,49427,88.69,79.64,95.62,90.98,86.92,74.18,75.61,75.84,69.82,76.81,12.74,13.27,13.35,13.94,6.12,13.84,25.46,21.29,20.61,21.91,61.99,63.08,61.55,62.94,63.27,12.91,10.58,12.77,12.69,5.41,181.86,131.11,76.49,106.72,80.35,13.36,17.48,22.43,28.16,20.08,198.77,173.05,164.46,198.23,184.33,210.68,175.49,165.66,202.39,188.92,47.47,56.98,60.36,49.41,52.93,18.65,18.32,16.87,19.03,8.82,947.02,1062.84,1194.92,1214.42,1399.64,162.59,186.57,210.33,242.44,111.58,30.31,16.5,162.08,297.54,273.07,398.44,744.79,618.73,803.19,933.2,376.89,730.86,611.85,786.69,907.03,2.11,0.93,9.84,15.56,13.03,0.19,0.09,0.77,1.23,2.45,1.58,0.82,0.45,1.64,2.25,4.02,3.35,0.32,5.02,7.72,2.4,1.37,0.63,2.35,3.39,5.65
"97",45059,44952,44614,43643,43426,97.56,79.17,95.17,93.83,85.08,68.05,72.21,73.01,67.73,77.49,2.73,3.96,7.32,4.95,-2.84,19.53,23.48,11.68,14.35,23.04,61.76,65.08,66.08,63.12,65.4,2.72,3.35,7.18,4.74,-2.33,22.15,102.69,101.21,72.42,47.72,0.86,7.4,12.32,11.01,4.33,48.04,92.41,58.11,172.68,79.61,40.02,91.56,0.94,183.14,78.11,249.9,109.22,10595.1,54.6,128.02,3.57,5.58,9.95,6.61,-3.59,745.43,881,958.01,1021.48,1187.63,29.9,48.27,96.06,74.72,-43.53,369.52,488.05,632.63,609.89,803.39,143.4,369.29,220.92,474.57,403.11,103.45,329.25,1.52,439.97,368.57,32.91,31.67,45.88,37.94,44.6,12.36,10.11,6.59,8.16,-18.46,4.16,2.97,16.34,4.34,4.61,1.83,1.19,0.93,5.78,6.03,5.45,4.95,22.57,6.03,7.04,16.9
"98",40181,40202,40263,39204,39139,71.43,80.84,90.55,81.41,83.55,61.71,65.92,63.34,60.49,75,20.5,18.67,15.21,22.78,11.87,43.26,31.85,16.57,40.71,26.37,40.01,36.64,37.19,35.69,33.25,14.89,15.18,14.05,19.14,10.05,99.82,111.47,152.35,86.05,100,10.91,23.51,27.15,16.96,16.99,115.68,134.12,230.12,118.8,140.37,116.5,137.08,278.11,120.49,145.87,85.84,72.95,35.96,83,68.56,23.82,22.03,17.15,30.48,18.1,437.33,547.05,557.44,711.95,981.16,145.29,154.9,133.89,268.1,155.32,52.26,149.25,94.38,158.15,178.85,522.72,459.7,466.67,807.92,658.45,500.32,432.34,412.03,751.8,602.24,5.27,14.54,9.71,10.94,11.42,0.36,0.96,0.7,0.59,1.15,2.32,2.7,5.7,4.13,4.12,1.21,0.25,0.79,2.3,4.6,3.7,3.91,7.09,6.51,7.22,2.83
"99",160216,159311,157521,152333,151303,96.94,93.77,97.87,95.63,93.33,65.76,68.3,67.25,65.47,69.18,10.84,7.32,7.43,3.57,-0.16,6.01,9.53,6.89,8.48,8.51,66.3,66.84,66.45,66.73,68.26,10.53,6.93,7.31,4.14,-0.15,245.51,143.13,140.33,91.13,74.98,11.36,13.97,15.07,15.38,13.12,220.56,202.55,291.09,229.24,205.19,305.66,227.94,324.92,246.38,219.53,32.72,43.87,30.78,40.59,45.55,12.15,9.27,8.79,4.89,0.7,746.77,855.05,916.6,944.07,1095.37,123.05,91.68,101.24,51.53,-2.57,93.62,94.28,78.83,107.77,134.54,243.53,308.73,319.68,334.36,343.95,197.84,278.47,303.16,317.28,323.84,7.99,7.06,5.66,7.15,7.93,0.76,1.03,0.78,2.09,-52.28,4.19,2.38,1.25,1.44,1.6,3.68,1.66,1.1,4.3,5.28,5.25,3.14,1.55,1.84,2.07,7.55
"100",65869,65574,65213,63215,62826,99.06,96.57,97.57,95.49,90.4,72.63,74.83,73.49,69.88,74.96,7.18,9.68,13.86,7.15,3.55,7.45,8.36,12.62,13.65,15.24,66.65,64.72,64.41,61.28,68.15,7.48,9.83,13.67,7.04,3.47,108.91,160.44,131.42,80.86,81.69,0.49,2.08,3.44,1.64,2.41,76.08,118.74,115.02,88.37,78.89,64.42,126.17,119.17,86.36,75.5,155.22,79.26,83.91,115.8,132.46,8.16,12.76,17.19,9.12,4.67,797.63,928.64,1033.31,1066.82,1155.41,78.89,120.08,194.83,109.12,54.66,402.15,345.43,297.03,305.67,352.42,92.79,169.65,256.8,232.36,244.79,52.83,129.09,208.46,193.47,201.86,36.28,26.88,20.61,19.12,20.67,5.1,2.88,1.52,2.8,6.45,4.64,3.77,3.68,3.48,3.9,2.86,2.3,1.59,5.48,6.69,5.87,4.83,4.65,4.49,5.17,28.79
"101",45756,45514,45267,43923,43698,99.42,97.99,94.64,96.4,91.12,73.59,76.51,74.68,71.21,78.33,5.74,9.67,10.18,11.03,1.07,15.03,5.28,8,9.16,18.69,65.72,68.03,68.72,69.57,67.81,5.84,9.64,9.64,10.69,0.98,37.94,232.81,202.88,164.46,47.52,11.63,15.91,9.87,24.24,10.05,107.01,378.97,373.33,362.4,147.33,107.09,422.65,399.91,380.12,148.51,93.38,23.66,25.01,26.31,67.33,7.41,11.8,13.51,13.81,1.49,1055.19,1247.35,1231.16,1419.74,1676.93,82.28,157.65,167.9,219.82,22.82,152.77,154.82,128.98,120.84,109.31,258.64,359.7,527.48,692.29,735.23,255.94,346.85,514.96,680.21,723.08,10.59,9.31,7.4,5.84,4.65,1.86,0.98,0.77,0.55,4.79,0.2,0.93,0.8,0.96,0.89,0.1,1.65,1.13,6.51,7.95,0.25,1.17,1.06,1.22,1.2,5.92
"102",86449,86226,85866,83165,82972,87.16,92.2,93.93,92.96,85,71.33,74.65,73,71.05,75.73,10.37,14.4,13.77,10.05,3.85,15.08,17.57,13.95,17.42,17.66,64.59,67.57,67.6,65.17,64.66,10.43,13.29,12.97,9.35,3.42,157.62,125.23,144.76,92.87,104.21,17.85,13.78,9.82,8.55,5.74,209.21,172.75,212.81,100.14,148.04,228.64,181.89,230.58,100.25,153.82,43.74,54.98,43.37,99.75,65.01,14.34,16.06,17.51,12.51,5.15,792.18,932.16,953.96,1043.4,1165.7,115.17,179.8,179.9,147.6,59.19,455.95,428.5,401.55,378.81,341.48,435.74,443.18,449.87,501.47,526.6,404.28,414.55,421.12,279.32,488.39,35.79,31.64,28.86,23.98,18.86,3.96,2.38,2.23,2.57,5.77,3.54,2.78,2.5,15.5,3.76,2.99,2.11,1.51,6,8.77,4.91,3.69,3.19,20.28,5.19,43.4
"103",40546,40211,39763,38382,38012,97.55,87.93,93.13,98.42,83.37,76.59,78.51,77.75,71.94,78.9,6.78,8.7,9.4,7.26,1.34,4.72,10.22,10.8,13.19,20.7,66.32,67.81,67.41,64.27,68.97,6.62,7.65,8.76,7.15,1.12,201.25,215.7,153.03,62.93,82.68,6.06,15.09,-2.26,12.67,6.49,220.55,257.71,284.2,188.85,129.81,234.6,265.09,291.65,191.31,130.25,42.63,37.72,34.29,52.27,76.77,7.74,10.72,11.93,9.81,2.6,1053.7,1203.2,1322.02,1440.61,1625.17,93.24,133.27,159.86,145.45,27.58,123.65,105.66,87.62,70.84,51.41,156.32,429.83,551.31,547.78,698.78,148.92,422.37,543.77,539.97,690.89,8.77,6.06,4.8,3.48,2.08,1.33,0.79,0.55,0.49,1.86,0.79,0.56,0.49,0.63,0.51,3.08,2.13,1.6,6.97,9,1.04,0.8,0.65,0.8,0.74,51.51
"104",43618,43408,43190,41495,41305,87.14,79.87,92.86,88.75,86.51,72.9,77.05,76.49,70.71,78.56,8.71,6.21,10.4,10.62,0.64,13.35,16.26,16.92,27.24,14.57,70.35,69.23,70.01,69.38,65.73,11.05,4.96,9.67,9.74,0.88,166.82,172.54,99.16,69.63,95.73,12.08,17.93,18.88,9.39,7.84,206.31,240.15,211.39,125.54,152.79,206.31,240.15,211.39,125.54,153.46,48.47,41.64,47.31,79.65,65.16,15.11,8.56,11.72,14.44,3.39,920.15,1100.19,1203.31,1257.99,1557.51,109.89,88.71,163.69,188.98,12.65,0.05,0.01,0.01,36.15,32.04,366.22,624.44,606.99,747.51,519.99,366.22,624.44,606.99,747.51,515.72,0,0,0,1.8,1.4,0,0,0,0.19,2.53,0,0,0,0.03,0.29,0,0,0,1.45,7.71,0,0,0,0.04,0.44,0
"105",41055,40922,40685,39319,39078,87.32,97.51,97.24,96.98,90.37,67.11,69.2,68.45,61.99,69.7,7.04,6.87,10.11,10.56,2.74,17.57,5.35,5.43,7.73,10.76,63.36,62.47,65.62,65.37,68.94,6.15,6.76,9.84,10.27,2.49,108.8,179.1,250.66,182.6,114.27,2.84,5.14,4.48,6.66,8.49,114.54,32,174.77,150.54,176.15,116.39,-409.02,221.38,191.69,180.11,85.92,-24.45,45.17,52.17,55.52,8.89,9.73,13.07,13.72,3.49,882.94,1007.07,1059.2,1103.4,1279.78,92.61,99.97,156.43,187.99,50.28,725.16,679.05,614.72,508.45,481.18,336.68,183.42,226.78,364.12,398.9,303.5,-313.25,176.95,255.58,387.7,48.13,45.5,38.63,27.7,23.68,7.83,6.79,3.93,2.7,9.57,3.98,34.59,3.82,7.87,2.61,3.68,2.89,1.78,7.05,8.69,5.99,47.93,5.11,10.29,3.61,80.53
"106",99154,98930,98321,95538,95081,75.76,74.25,86.26,87.23,87.89,60.35,64.11,63.42,62.23,68.71,9.9,8.99,11.76,6.02,2.3,32.8,27.11,27.44,15.36,12.38,61.93,63.59,64.5,60.14,60.41,9.34,6.75,10.18,5.29,2.03,95.26,128.96,82.96,121.19,116.43,6.5,13.65,9.93,10.5,9.21,101.36,140.36,125.09,162.27,163.46,101.45,143.69,126.94,170.55,175.9,98.57,69.6,78.78,58.63,56.85,14.63,11.17,14.51,8.51,2.98,613.29,720.71,769.1,836.18,1022.92,100.56,101.03,142.61,80.96,34.17,205.85,215.97,216.85,192.5,152.96,484.62,578.28,543.75,421.37,401.69,453.36,546.94,513.77,390.88,361.42,15.35,14.26,15.42,12.5,9.03,2.05,2.14,1.52,2.38,4.48,2.67,2.34,2.35,2.65,3.23,2.22,1.89,1.41,5.34,9.41,4.28,3.87,3.28,3.8,4.68,14.6
"107",107641,108938,110053,113168,113889,85.45,74.39,90.03,81.19,89,48.61,51.53,51.08,49.24,54.68,14.41,10.75,15.38,7.47,-0.71,19.98,28.35,20.74,30.87,14.24,60.1,59.88,60.04,59.13,59.44,12.32,8,13.85,6.07,-0.62,147.08,127.94,119.49,74.15,69.71,17.34,19.7,23.59,16.75,11.31,188.59,171.18,210.48,130.21,170.36,194.93,175,218.35,131.27,176,51.3,57.14,45.8,76.18,56.82,15.99,13.96,16.74,9.58,2.36,434.31,498.53,552.23,541.49,645.13,128.75,103.97,166.25,82.19,-8.34,88.02,68.62,50.88,118.41,101.85,385.93,616.15,539.55,612.3,362.98,372.27,597.8,522.51,596.39,347.17,8.42,5.28,4.24,8.74,7.68,0.68,0.66,0.31,1.44,-12.21,1.58,1.55,1.49,1.33,1.76,3.26,2.58,1.61,1.76,7.39,2.24,2.54,2,2.03,2.43,21.01
"108",48329,48338,48203,47165,47018,88.55,86.06,92.69,92.09,83.29,79.05,77.58,73.66,69.6,75.8,11.83,11.86,7.95,12.01,3.38,17.18,15.32,14.98,10.07,19.7,51.32,60.64,64.95,65.7,66.65,10.53,10.21,7.97,11.19,4.32,135.37,175.96,97.69,209.09,98.87,12.07,18.8,12,14,10.86,167.03,206.28,150.71,188.74,151.13,179.43,237.02,179.83,254.34,154.98,55.73,42.19,55.61,39.32,64.52,16.13,16.18,11.45,13.95,9.1,1283.94,1197.57,1100.14,1171.84,1289.72,192.09,183.02,118.79,202.24,57.58,359.14,287.9,149.61,30.29,0,587.92,654.41,574.78,544.43,655.62,532.98,583.24,435.67,421.82,625.23,19.58,16.05,9.28,1.66,0,1.87,1.57,1.26,0.15,0,3.67,4.41,8.84,6.87,1.53,3.46,2.77,2.25,10.02,0,6.28,6.98,11.94,9.48,2.25,22.59
"109",34297,34115,33837,32876,32633,81.29,87.23,92.32,92.68,86.23,74.94,77.53,75.21,68.92,78.21,11.51,8.55,3.92,11.74,0.36,23.81,19.15,14.32,8.81,23.28,62.82,62.41,61.14,62.43,66.31,9.39,7.47,3.9,10.94,0.37,124.84,107.02,76.3,230.3,54.01,14.19,13.01,7.39,13.96,7.32,159.18,163.56,143.55,202.1,102.53,163.09,168.87,149.85,256.53,102.58,61.31,59.22,66.73,38.98,97.48,13.47,14.94,8.45,17.94,1.78,889.58,1061.57,1096.4,1220.19,1368.96,136.59,117.07,57.19,207.81,6.33,366.68,343.86,312.83,271.92,397.11,557.19,525.7,384.5,467.67,554.43,535.45,500.91,350.65,387.2,542.76,25.11,21.91,19.81,14.24,19.56,2.68,2.94,5.47,1.31,62.76,2.25,2.04,2.49,5.31,1.63,3.04,2.09,1.75,7.69,5.38,4.05,3.45,3.92,8.33,2.71,51.36
"110",86131,85893,85420,82840,82364,86.21,76.1,91.34,83.12,69.45,64.37,65.97,65.32,60.71,66.87,18.87,19.36,22.12,18.55,8.2,26.32,32.6,24.84,41.07,44.05,55.95,56.48,54.94,57.24,54.98,16.28,15.44,20.65,18.42,6.65,120.29,130.19,122.81,68.46,72.2,12.05,24.79,24.7,7.76,0.64,147.94,183.21,204.54,116.43,83.68,148.23,183.54,205.1,116.45,83.68,67.46,54.49,48.76,85.87,119.51,25.26,26.63,29.75,31.16,14.1,648.79,741.55,837.67,795.03,957.67,190.15,217.63,283.73,242.94,117.45,4.78,3.05,1.31,0,182.12,434.66,806.28,678.68,866.48,866.3,432.92,804.54,676.92,865.53,866.3,0.41,0.21,0.09,0,8.83,0.03,0.01,0,0,1.55,0.16,0.13,0.13,0.06,0.23,3.5,3.8,4.83,0,2.64,0.25,0.23,0.19,0.1,0.46,9.62
"111",70234,70070,69663,68153,67737,91.8,95.28,91.21,93.72,93.71,66.06,69.09,67.26,63.29,69.04,13.4,13.05,12.63,9.84,1.81,15.24,16.86,19.43,12.82,12.56,60.21,60.28,61.77,61.08,64.61,12.3,12.44,11.52,9.25,1.71,143.42,102.08,105.62,124.72,60.44,6.06,3.8,5.55,6.56,3.79,136.41,120,112.02,145.59,94.24,142.41,122.61,113.27,152.8,93.43,70.22,81.56,88.29,65.44,107.03,16.94,16.05,15.84,12.09,2.34,733.24,857.83,879.96,885.22,1024.26,148.76,161.99,165.18,137.59,26.84,299,271.16,287.1,264.11,310.02,274.67,296.94,341.04,312.72,224.95,246.19,268.4,312.33,283.37,195.42,24.73,20.81,20.02,17.7,19.58,2.01,1.67,1.74,1.92,11.55,3.08,2.72,2.24,2.82,3.22,2.94,2.52,1.2,4.84,6.91,4.15,3.59,3,3.7,4.14,30.88
"112",111078,110454,109502,105752,105196,76.89,72.49,87.31,87.12,76.49,64.18,68.72,68.49,65.67,65.79,11.6,11.31,12.05,9.43,6.66,32.84,29.94,21.67,21.82,34.83,59.12,58.6,57.3,55.04,65.05,9,8.55,10.93,8.27,5.96,96.37,129.97,109.21,95.78,74.97,9.48,12.3,13.68,11.08,9.96,102.78,145.17,157.24,134.49,97.96,103,149.28,164.86,139.19,97.84,97.09,66.99,60.66,71.85,102.21,15.13,14.12,15.96,12.64,9.79,590.24,726.47,818.48,882.89,846.22,106.73,119.53,143.97,126.79,85.65,255.15,220.13,183.36,181.36,337.17,439.5,634.48,518.16,519.4,666.35,409.48,598.02,479.48,473.07,627.76,21.33,15.1,13.4,11.75,20.05,2.39,1.84,1.27,1.43,3.94,2.88,2.72,2.96,3.61,3.06,1.72,1.45,1.03,5.15,3.82,4.71,4.85,4.35,5.43,4.73,14.61
"113",101152,100617,99806,97352,96604,81.68,69.93,87.56,89.32,85.37,71.58,74.48,73.25,69.85,73.8,7.54,8.54,3.64,2.74,1.32,21.27,24.88,16.69,18.53,28.18,68.05,68.27,65.4,66.33,70.18,6.2,6,3.56,2.46,1.15,120,170.11,92.43,66.4,47.68,6.85,21.42,27.11,21.01,10.39,112.76,176.37,209.37,170.53,96.03,114.15,184.21,226.93,180.97,95.71,87.6,54.28,44.07,55.26,104.48,9.2,10.71,5.99,2.75,2.51,729.04,868.84,908.21,959.71,1104.94,76.84,99.62,45.16,37.59,19.75,211.22,235.69,279.28,318.32,481.4,318.18,687.33,581.62,595.27,601.27,290.39,651.05,543.2,550.23,554.85,16.94,14.13,19.72,20.69,27.45,2.75,2.37,6.18,8.47,24.37,2.65,2.39,2.91,3.97,3.98,2.49,1.49,0.99,5.03,4.85,4,4.37,4.15,5.69,5.67,18.96
"114",78074,77752,77214,74550,74045,75.36,71.19,67.86,81.46,79.53,66.8,69.56,68.58,67.76,68.17,15.68,18.57,18.93,12.79,8.11,27.19,37.34,43.32,33.04,34.44,56.78,55.97,56.65,50.72,60.63,11.83,13.28,12.85,10.43,6.46,153.62,121.68,106.96,82.61,70.12,16.12,17.63,15.54,17.02,13.93,158.18,146.59,134.57,117.16,110.25,167.9,151.03,136.95,118.57,110.97,59.56,66.21,73.02,84.34,90.12,21.24,24.85,24.94,18.63,10.63,626.95,743.46,799.78,985.8,904.09,147.15,198.46,220.72,186.11,107.59,283.57,235.39,187.34,330.36,450.13,545.69,832.56,1039.46,793.71,755.02,496.29,783.21,989.77,742.24,710.47,22.77,15.68,10.9,18.5,26.99,1.93,1.19,0.85,1.78,4.18,4.58,3.56,3.01,3.43,4,2.67,1.73,1.09,2.98,4.94,8.11,6.74,5.8,6.16,6.48,15.34
"115",63320,62473,61444,58093,57175,86.41,81.03,94.89,96.44,85.46,80.17,82.07,81.52,78.47,85.92,9.21,9.21,10.74,6.45,-3.59,17.72,18.76,22.78,17.4,17.79,60.37,60.28,64.02,55.44,50.04,7.99,10.78,10.31,6.24,-3.04,127.58,155.58,61.28,51.48,59.9,4.42,9.15,11.19,10.84,4.74,137.22,187.04,126.79,95.9,98.64,139.11,191.08,127.57,95.63,98.56,71.89,52.33,78.39,104.57,101.46,11.74,14.95,13.44,8.5,-4.56,812.13,968.66,1024.78,1227.22,1535.12,93.32,108.65,135.07,100.9,-64.06,50.42,39.55,128.15,304.21,390.32,285.55,484.26,431.95,315.48,418.6,275.49,472.79,422.23,294.8,394.87,4.3,2.72,9.67,18.76,18.67,0.54,0.36,0.95,3.02,-6.09,0.96,0.85,0.8,1.73,2.18,2.27,2.41,0.72,2.43,5.62,1.36,1.33,1,2.39,3.65,11.38
"116",45845,45503,44911,43356,42993,72.58,71.91,73.02,77.6,66.75,66.33,69.28,68.08,65.18,73.02,9.73,12.9,7.71,11,5.21,32.02,35.92,30.23,33.02,40.92,73.55,74.86,72.02,65.89,66,7.08,9.29,5.63,8.55,3.48,111.73,106.43,111.66,90.87,83.81,10.95,17.56,20.16,12.72,2.3,123.09,144.17,166.76,135.46,105.12,124.15,145.79,170.6,137.02,105.25,80.55,68.59,58.62,72.98,95.02,11.77,14.62,12.44,13.71,8.69,722.21,867.59,905.03,1117.69,1385.63,105.93,161.56,102.52,188.63,98.91,376.12,470.76,470.39,466.12,439.71,596.06,914.01,937.49,1063.81,1341.73,574.85,891.55,906.93,1030.8,1311.38,25.07,27.03,25.84,21.09,15.47,3.55,2.91,4.59,2.47,4.45,1.94,1.67,2.02,2.79,2.25,2.08,1.41,1.32,6.16,7.65,3.38,2.99,3.43,4.93,4.72,36.96
"117",63554,62940,62165,59946,59330,74.51,77.55,83.29,89.32,81.74,61.84,65.21,63.48,60.01,64.9,9.21,7.84,9.51,8.15,3.29,28.64,23.32,24.07,19.44,24.42,66.44,64.25,66.64,65.23,66.12,7.14,6.16,8.17,7.9,2.7,119.16,131.25,103.06,90.74,82.02,6.58,11.62,10.48,6.58,2.34,110.89,145.33,140.27,124.34,100.94,111.9,149.43,143.84,127.88,100.96,89.37,66.92,69.52,78.2,99.05,12.62,9.15,13.57,12.16,4.14,812.07,1001.91,1039.53,1118.64,1353.64,120.89,120.47,155.72,151.89,68.55,280.02,261.28,222.6,192.87,232.95,579.82,682.33,717.35,588.44,673.11,535.4,643.4,675.79,528.29,657.83,15.89,13.19,11.32,9.24,9.13,2.32,2.17,1.43,1.27,3.4,2.97,2.29,2.28,3.46,1.25,2.8,2.43,1.48,6.25,7.15,5.09,4.03,3.54,5.07,2.06,17.65
"118",95618,95064,94022,90485,89676,87.27,80.39,91.82,87.24,67.59,68.28,70.79,71.34,66.7,69.76,7.77,8.71,8.58,5.52,3.55,21.97,17.98,10.48,19.05,33.42,67.97,67.46,64.45,66.8,70.9,6.79,7.01,7.97,4.83,7.82,86.09,165.41,163.28,90.64,106.37,5.07,11.74,16.88,13.96,10.92,108.28,175.6,263.07,205.83,139.32,108.85,182.97,288.04,213.54,140.69,91.87,54.65,34.72,46.83,71.08,9.99,10.15,10.83,7.64,13.96,742.08,867.2,973.21,957.13,1095.17,84.43,106.7,117,79.27,55.79,251.12,228.68,208.88,193.81,169,326.76,472.53,443.03,704.61,1096.14,307.17,448.63,420.67,681.38,1069.59,20.17,15.01,14.06,11.78,7.28,2.97,2.14,1.79,2.44,3.03,2.05,1.85,1.69,2.22,1.74,2.35,1.85,1.3,6.86,8.2,2.86,2.84,2.27,3.08,3.06,30.18
"119",88591,88152,87490,84822,84312,77.66,75.64,81.46,85.68,71.4,67.97,71.3,70.44,68,72.94,13.05,12.23,14.84,7.98,1,33.58,27.86,24.52,21.69,36.51,64.35,63.13,64.42,60.05,63.43,10.25,9.26,12.13,6.87,0.92,95.14,131.14,135.92,96.88,72.13,9.84,5.52,30.08,17.86,4.11,71.43,155.15,221.46,207.64,103.47,54.29,159.76,234.62,219.19,103.65,184.19,62.6,42.62,45.62,96.48,16.1,15.62,18.99,10.28,1.88,646.02,764.66,829.26,911.92,1007.53,124.06,131.19,174.71,106.97,13.84,407.33,524.02,492.72,471.56,516.99,477.32,611.03,799.4,785.77,855.46,226.82,580.66,764.13,749.11,815.01,33.28,36.96,34.09,30.13,26.72,3.28,3.99,2.82,4.41,37.35,21.4,2.8,2.91,4.2,4.1,2.8,1.77,1.38,6.18,7.5,34.58,4.79,4.51,6.48,7.52,4.56
"120",154760,156002,156748,162734,163749,76.43,70.52,81.89,86.79,69.94,55.07,56.99,56.06,55.03,62.64,14.13,13.54,15.27,7.5,5.15,25.18,33.28,29.64,27.19,31.04,60.52,64.3,63.44,61.54,60.51,11.66,9.85,12.81,6.62,4.08,155.57,128.28,104.73,65.74,112.72,11.17,15.57,13.23,5.74,7.78,144.26,142.93,144.01,101.45,106.43,154.63,149.68,150.42,101.68,107.87,64.67,66.81,66.48,98.35,92.71,17.65,16.44,19.52,8.3,7.66,443.13,476.38,524.7,514.93,655.52,113.66,113.14,142.93,70.16,53.89,352.09,315.33,265.19,282.53,278.72,414.06,596.34,551.25,378.38,581.76,359.59,539.66,502.61,328.72,482,33.45,26.6,23.2,26.21,18.63,3.1,2.79,1.86,4.03,5.17,6.13,5.27,4.55,5.99,7.79,2.85,1.85,1.26,5.28,6.03,9.4,8.69,6.41,8.54,14.2,18.43
"121",57372,57298,57053,56000,55841,85.17,67.59,90.25,88.77,69.34,65.03,68.04,66.59,64.7,73.89,5.26,2.88,2.13,-0.86,-7.57,16.12,22.63,19.31,16.71,26.68,61.76,63.95,62.55,61.14,63.91,4.89,2.05,3.29,-0.45,-4.38,124.5,178.96,55.25,58.23,93.6,4.34,17.58,10.85,1.33,4.69,127.98,188.02,149.16,107.1,95.02,127.98,191.57,151.34,107.43,94.9,78.13,52.2,66.08,93.09,105.37,7.57,1.98,7.09,-1.98,-6.9,636.25,718.18,779.6,852.59,1042.38,51.44,30.41,24.98,-11.35,-106.75,253.68,241.92,230.81,222.77,334.56,228.01,586.4,427.23,298.84,536.6,228.01,574.3,415.08,286.46,524.19,22.08,15.49,17.79,15.01,16.44,4.93,7.95,9.24,-19.63,-3.13,0.64,1.1,1.23,1.94,2,2.92,2.1,1.63,7.4,8.43,0.97,2.11,1.72,2.9,3.58,0
"122",107144,106591,105852,101760,101221,77.88,72.97,78.97,69.89,78.56,72.63,75.01,75.45,72.49,78.12,12.26,12,12.97,8.09,5.53,25.05,27.76,33.54,39.05,23.98,66.15,68.5,66.42,67.82,68.01,10.72,9.47,11.01,6.2,4.35,138.65,144.99,90.15,86.89,110.13,8.38,17.03,9.51,2.58,9.37,123.35,151.56,116.22,99.19,109.65,127.73,159.09,119.2,99.12,110.65,78.29,62.86,83.89,100.88,90.37,16.01,15.69,14.79,12.04,8.17,748.59,861.43,977.96,999.05,1224.29,126.33,137.8,168.11,111.46,86.71,447.32,431.39,376.75,386.67,477.11,442.79,674.57,783.06,867.79,565.44,386.02,617.85,678.64,804.58,516.76,33.8,27.41,22.95,19.61,23.92,3.54,3.13,2.24,3.47,5.5,5.15,4.06,6.65,4.38,3.89,2.55,1.67,1.26,5.99,6.07,8.05,6.77,10.48,7.73,6.07,20.08
"123",59511,58952,58353,56397,55907,75.71,64.71,74.41,81.36,71.61,75.76,78.39,77.18,72.02,81.09,8.08,9.83,9.2,10.18,2.7,24.56,35.33,33.13,29.67,27.86,64,67.09,66.11,60.14,63.17,6.23,6.39,6.87,8.29,2.34,134.14,130.71,96.92,87.35,112.73,2.14,3.05,4.37,3.59,14.32,137.78,157.64,148.11,138.09,134.57,141.94,159.84,150.64,140.19,138.68,70.45,62.56,66.38,71.33,72.11,10.05,11.73,12.75,13.76,4.4,624.96,718.21,768.92,868.76,988.39,66.63,90.08,91.62,122.85,32.95,312.3,297.99,320.44,306.26,424.45,377.76,738.5,698.56,665.9,689.51,350.5,721.29,675.05,640.68,635.14,28.66,21.04,23.93,20.66,24.94,4.69,3.31,3.5,2.49,12.88,3.37,1.75,2.12,3.07,4.79,3.01,2.52,1.53,6.63,6.38,5.9,3.58,3.76,5.2,9.11,34.53
"124",34809,34590,34104,32739,32422,68.95,72,86.87,89.49,94.27,68.67,72.3,69.82,64.12,74.33,11.51,8.49,8.9,15.76,6.36,35,35.03,26.91,16.29,7.67,64.94,65.79,65.35,60.85,64.46,8.12,6.15,7.85,14.86,6.12,118.68,96.04,71.57,167.65,159.95,18.48,22.26,15.43,8.67,21.51,135,126.58,136.75,214.3,365.65,137.39,130.76,142.19,235.4,425.31,72.78,76.47,70.33,42.48,23.51,15.52,11.23,14.62,22.33,11.53,658.43,751.25,793.77,954.15,1106.47,110.34,88.2,101.17,234.46,94.61,337.57,422.58,413.24,385.41,363.18,658.97,750.98,598.74,619.55,518.39,627.7,670.36,542.33,574.5,492.39,24.27,29.28,31.58,23.18,23,3.06,4.79,4.08,1.64,3.84,2.8,6,4.76,4.04,3.59,2.28,1.42,1.42,5.75,8.43,5.78,12.05,7.61,6.62,5.48,24.6
"125",113441,112835,111800,108263,107525,87.44,86.93,90.89,92.67,79.24,68.73,72.58,71.53,72.62,77.03,6.57,4.94,5.34,2.1,0.11,13.69,15.09,10.71,8.89,24.2,68.52,69.73,68.58,63.11,66.94,6.3,4.65,5.24,2.57,0.1,141.33,118.31,135.33,104.75,82.52,2.87,5.07,9.88,14.01,10.78,166.08,152.84,242.92,245.6,126.56,169.69,158.86,260.4,271.22,127.88,58.93,62.95,38.4,36.87,78.2,8.39,5.3,6.6,3.25,1.04,762.84,861.92,922.18,1076.97,1216.75,72.97,58.69,68.86,31.18,1.79,93.24,132.95,116.28,95.14,172.98,288.11,341.42,398.93,409.29,669.31,279.12,318.58,381.04,384.35,644.2,7.35,9.73,8.2,5.95,8.68,1.28,2.27,1.69,3.05,96.46,0.89,1.76,1.34,1.93,1.54,2.51,0.9,0.98,6.2,3.23,1.16,2.34,1.7,2.56,2.29,25.99
"126",59057,58604,57990,55687,55238,72.16,69.53,64.78,85.55,56.94,74.6,79.22,77.68,72.96,83.01,10.65,8.02,9.36,9.56,9.73,33.06,36.66,35.85,26.73,44.25,74.75,68.44,68.51,69.29,69.72,7.69,5.58,6.27,8.19,5.95,111.56,97.35,125.85,80.16,119.16,19.15,13.38,22.1,18.58,19.43,128.88,134.43,156.85,160.75,139.47,130.71,136.13,158.41,165.81,141.26,76.5,73.46,63.13,60.31,70.79,12.2,10.08,12.39,12.56,12.41,681.12,830.86,885.7,934.42,1219.27,97.23,84.09,106.77,122.38,142.96,257.95,232.37,270.7,246.74,267.93,552.3,787.82,930.62,735.9,1534.21,526.68,760.25,914.75,700.74,1486.42,20.39,15.41,15.38,16.48,10.39,2.65,2.76,2.54,2.02,1.87,2.37,2.11,1.07,3.44,2.54,1.72,1.84,1.09,6.6,6.65,3.91,3.78,2.03,4.88,5.74,17.29
"127",55919,55841,55238,52182,51799,65.46,68.93,86.33,75.21,58.25,68.08,72.47,69.77,64.81,73.74,5.12,6.8,3.82,3.19,-5.18,39.77,32.75,14.94,31.73,41.41,64.02,64.54,66.01,62.78,67.28,3.36,6.08,3.76,4.65,11.85,92.42,114.29,116.4,80.36,89.46,8.46,18.03,27.63,13.82,7.08,99.78,130.82,232.15,134.81,110.82,99.77,132.73,252.6,136.68,111.21,100.23,75.34,39.59,73.16,89.92,7.21,7.62,7.55,8.57,25.51,745.34,918.17,912.57,997.52,1115.26,56.11,86.13,49.97,49.18,-78.37,350.93,459.4,511.38,532.9,554.44,714.43,798.83,592.17,983.59,1290.51,684.23,763.21,557.98,946.44,1250.19,20.98,24.99,33.75,26.04,21.35,6.25,5.33,10.23,10.84,-7.07,2.19,2.26,2.64,3.42,3.09,1.84,1.28,1.15,6.15,7.22,4.21,4.34,3.78,5.8,6.62,21.33
"128",71897,71739,71181,69805,69408,76.85,84.52,87.68,97.12,90.8,64.64,65.2,63.88,60.33,66.84,14.42,10.07,14.62,12.23,9.03,30.32,19.15,19.17,11.43,15.89,63.33,64.02,64.73,63.82,66,11.09,8.58,12.95,11.88,8.23,119.6,133.28,141.59,134.07,111.48,13.7,19.51,22.64,24.63,21.87,121.89,202.56,207.46,282.55,233.38,122.04,208.42,227.53,323.79,240.15,81.94,47.98,43.95,30.88,41.64,16.93,13.94,21.9,15.81,14.91,748.06,782.74,842.86,871.45,1071.35,166.84,120.87,192.96,176.65,144.68,209.46,195.17,146.82,112.74,99.41,528.74,547.41,657.86,566.91,675.42,525.94,532.81,607.98,529.94,661.45,13.91,13.74,9.76,7.58,5.63,1.26,1.61,0.76,0.64,0.69,0.35,1.24,3.42,3.01,1.21,1.19,1.54,1.04,6.95,7.37,0.66,2.05,5.24,4.27,1.84,89.33
"129",83148,82337,81350,78265,77455,80.32,78.15,85.27,91.59,92.16,73.91,77,75.33,70.36,77.18,9.65,7.55,6.45,4.89,1.19,29.48,16.68,18.81,5.37,30.33,64.62,65.6,64.49,64.67,66.38,7.92,8.66,6.38,4.57,1.14,90.4,191.83,109.52,260.8,22.52,1.67,3.3,13.52,19.59,6.77,87.8,182.21,167.35,369.49,64.8,86.88,191.16,173.18,496.45,62.24,115.1,52.31,57.74,20.14,160.68,12.23,13.93,8.56,6.86,1.83,717.6,835.33,892.17,900.15,1055.78,93.65,81.89,76.42,62.57,16.23,449.68,432.24,415.3,399.15,683.29,346.14,405.74,466.56,375.19,409.05,318.68,383.87,444.37,342.67,366.25,37.2,31.14,29.9,28.58,46.04,4.8,5.28,5.43,6.38,42.09,3.22,2.32,2.02,3.9,5.13,2.56,2.38,1.41,5.5,4.88,5.01,3.72,2.89,5.21,6.79,41.89
"130",38524,38207,37751,35954,35627,78.33,75.34,85.51,83.36,70.46,71.08,74.24,72.74,70.93,76.49,6.25,4.65,6.83,4.81,-1.18,28.91,26.02,20.29,15.66,30.5,64.3,66.47,66.57,58.57,60.3,4.92,3.5,6,6,-0.74,88.98,111.44,100.26,140.14,91.74,3.03,3.77,1.69,5.37,4.14,100.45,102.72,107.49,132.36,100.06,100.46,103.23,108.34,136.48,100.06,99.54,96.87,92.3,73.27,99.94,8.95,4.66,10.26,10.86,-1.86,1084.01,1239.85,1340.29,1691.71,1981.62,95.27,77.6,125.94,114.66,-30.56,375.52,338.7,293.52,254.51,357.89,594.98,683.73,522.64,629.02,1201.67,584.08,578.36,473.37,575.34,1151.15,19.29,15.28,13.62,8.89,9.73,3.94,4.36,2.33,2.22,-11.71,1.12,5.09,2.58,2.56,1.94,2.9,2.21,2.13,7.73,5.79,1.87,8.93,3.94,4.54,4.06,100.01
"131",106526,105839,104775,101819,100995,72.34,71.79,76.74,68.99,69.72,57.5,60.49,60.56,56.01,63.49,19.17,14.99,14.82,14.48,13.81,44.8,28.98,23.06,46.6,45.68,52.13,47.13,45.58,49.03,55.66,14,10.77,11.37,10.04,9.67,87.53,156.53,176.72,79.63,78.98,3.95,12.43,22.5,6.87,9.28,88.71,141.37,197,107.79,87.64,87.78,149.93,217.59,108.56,87.01,113.92,66.7,45.96,92.11,114.93,23.68,18.63,19.41,17.71,17.55,398.28,477.89,533.18,516.87,596.34,132.75,118.41,130.44,133.63,129.74,183.05,127.55,81.13,54.02,237.64,436.36,467.52,536.82,816.39,626.92,398.81,410.83,489.1,747.64,592.26,19.12,11.59,7.07,4.04,17.64,1.38,1.08,0.62,0.4,1.83,4.21,5.41,4.28,5.37,2.99,1.51,2.24,1.76,5.76,2.39,7.06,9.56,6.96,9.55,5.41,7.37
"132",71669,72054,72429,73140,73636,78.89,76.94,87.96,77.05,87.06,44.63,50.87,48.74,42.46,51.99,10.65,12.43,14.66,11.98,7.01,16.61,16.48,15.03,32.87,32.17,51.89,54.16,57.46,60.44,63.57,8.43,9.57,12.9,9.27,6.12,210.18,245.44,187.82,96.92,49.59,26.13,37.08,48.22,41.01,20.28,259.98,303.91,387.33,223.11,148.03,286.12,378.94,463.15,223.51,152.82,34.95,26.39,21.59,44.74,65.43,15.42,17.48,19.79,15.01,9.05,371.58,474.24,478.92,412.75,535.13,88.64,115.9,144.07,116.48,72.11,898.81,834.74,789.9,780.85,730.3,448.12,669.59,726.11,937.59,738.99,423.91,610.33,686.97,936.23,693.7,85.17,68.89,70.71,61.9,61.77,10.14,7.2,5.48,6.7,10.13,4.99,6.69,4.67,2.29,7.11,3.16,2.61,1.65,3.52,5.3,8.27,12.47,6.95,3.7,10.35,117.36
"133",55018,54706,54362,53240,52913,94.3,88.53,83.44,89.54,88.07,68.92,71.13,70.71,66.28,73.92,5.98,6.12,5.48,5.53,-0.29,19.32,10.08,15.16,10.99,15.39,69.66,71.58,73.55,72.98,74.84,5.84,5.54,6.62,5.68,-0.21,53.38,181.1,150.02,147.48,72.68,11.08,11.62,10.58,15.82,10.88,61.31,147.65,129.95,194.06,134.46,53.27,190.8,151.61,220.36,142.21,187.74,52.41,65.96,45.38,70.32,9.77,6.72,13.31,10.16,0.29,733.5,847.36,891.49,919.84,1086.44,63.6,72.86,69.1,76.69,-4.32,454.34,385.86,284.35,295.42,305.31,177.48,352.89,476.69,401.97,441.47,127.67,239.33,322.76,356.72,381.18,40.26,28.68,18.82,19.06,18.29,7.14,5.3,4.11,3.85,-70.65,5.08,8.87,10.41,4.02,4.76,1.65,1.51,1.16,5.75,6.25,7.6,14.78,17.51,6.1,7.48,15.06
"134",57851,57374,56863,55476,55126,96.29,83.88,88.13,94.67,95.19,64.67,66.82,65.82,60.65,66.02,8.88,5.49,7.78,4.12,-5.79,9.23,13.58,16.42,12.59,6.48,64.14,63.39,65.04,65.03,66.73,8.59,4.66,7.47,3.96,-5.51,137.41,166.42,117.23,70.56,-9.98,8.95,21.07,21.38,22.03,15.56,154.14,202.97,219.22,214.46,221.4,165.12,213.02,233.88,225.85,260.68,60.56,46.94,42.76,44.28,38.36,10.95,7.85,12.14,5.8,-5.77,833.33,963.69,1029.68,1033.38,1186.18,114.47,79.23,121.68,70.24,-103.95,266.17,367.66,336.1,421.35,463.53,221.39,477.15,697.82,555.1,385.89,197.18,456.23,662.96,531.67,343.29,19.89,21.38,18.93,23.41,24.56,2.33,4.64,2.76,6,-4.46,2.29,1.5,2.22,2.47,3.96,2.4,1.32,1.33,5.01,6.94,3.38,2.62,3.56,3.55,5.69,26.41
"135",86384,86014,85321,82777,82468,74.73,89.59,86.15,88.36,77.9,66.44,70.16,69.48,66.66,74.06,6.96,1.66,5.93,0.96,-4.35,32.08,13.47,10.81,14.77,24.78,62.98,62.62,63.82,64.54,65.47,5.36,1.67,8.72,1.15,-3.21,92.77,86.7,192.99,82.35,69.88,8.09,16.21,20.8,17.75,5.76,71.23,117.91,273.51,213.56,121.21,55.73,123.16,311.84,217.08,121.51,179.43,81.19,32.07,46.07,82.3,8.09,3.07,13.66,2.55,-2.43,640.78,728.88,814.91,818.04,1001.51,67.13,17.22,69.51,11.77,-58.87,428.2,508.29,482.88,491.2,486.49,464.68,242.59,446.46,463.6,571.38,236.25,195.94,416.92,457.08,564.83,33.18,43.83,35.47,35.37,28.02,6.38,29.51,6.95,41.72,-8.26,18.49,4.88,2.75,1.99,2.76,2.39,1.94,1.64,4.29,8.51,31.51,6.99,4.17,2.88,4.45,4.48
"136",47018,46897,46771,46046,45846,93.21,96.44,87.6,98.81,91.49,59.9,67.8,66.37,48.86,71.2,7.98,9.64,11.45,-2.81,-5.82,17.35,7.74,5.25,5.65,8.04,63.44,66.04,69,49.32,63.69,7.44,9.29,10.4,-2.77,-5.18,79.04,175.9,522.04,-26.05,37.53,7.44,7.8,12.82,0.3,1.93,81.68,69.57,179.25,103.29,29.4,81.39,-19.96,398.35,104.97,0.72,122.87,-501.02,25.1,95.26,13806.3,10.71,11.07,15.52,-3.32,-4.7,615.72,748.15,792.15,772.62,981.04,81.99,106.33,136.69,-44.4,-80.2,526.39,471.19,310.57,365.9,461.77,164.77,229.42,395.15,152.08,52.73,161.58,-16.69,233.26,102.21,0.92,47.73,41.18,22.79,22.86,30.66,6.42,4.43,2.27,-8.24,-5.76,1.92,22.9,12.59,4.49,5.48,3.41,3.37,3.11,6.02,6.66,2.72,32.25,18.81,5.51,7.78,562.08
"137",49156,48855,48348,47216,46825,97.6,91.74,93.22,96.57,93.3,69.06,72.62,70.84,64.14,73.87,6.09,6.65,7,9.24,1.84,4.61,8.64,7.42,10.28,13.32,62.48,60.18,64.04,68.75,70.91,6.12,6.47,6.65,9.33,2.2,188.22,177.26,191.66,123.03,59.79,7.71,11.24,15.98,16.67,8.79,226.1,218.43,292.47,246.51,157.37,273.97,238.76,330.07,265.95,162.48,36.5,41.88,30.3,37.6,61.55,7.58,7.69,8.95,13.52,3.33,713.64,859.04,881.9,862.48,1026.96,62.91,78.69,87.14,124.25,25.63,133.46,109.63,90.59,74.21,56.12,146.43,267.35,324.2,390.55,359.45,128.61,249.42,306.08,371.99,340.75,12.61,8.5,6.78,5.33,3.77,2.12,1.39,1.04,0.6,2.19,2.06,1.6,1.47,1.49,1.4,3.02,2.44,1.66,2.88,3.89,2.76,2.34,2,1.88,1.87,22.62
"138",35238,35110,34791,33876,33630,96.66,91.48,89.51,90.54,89.68,55.72,61.48,61.53,53.58,62.55,7.46,8.25,9.84,14.59,5.18,6.74,8.32,12.93,18.41,11.16,69.71,69.52,70.94,72.93,73.17,7.28,7.57,8.85,13.38,4.66,163.2,210.97,160.96,129.97,140.15,10.72,15.88,20.35,21.68,20.8,221.01,279.51,242.26,213.55,248.99,265.84,308.44,269.76,224.26,294.79,37.62,32.42,37.07,44.59,33.92,9.63,10.26,12.76,18.21,6.43,679.98,883.35,903.1,919.02,1132.55,91.03,118.61,144.39,250.34,93.86,395.6,377.76,343.24,333.13,266.31,247.13,388.33,568.22,772.33,701.93,216.91,369.05,530.23,741.14,635.65,31.34,24.05,20.93,17.58,13.19,4.35,3.18,2.38,1.33,2.84,3.59,1.94,2.81,2.95,4.61,3.83,2.94,2.36,7.42,10.04,4.71,2.81,4.01,3.97,6.3,50.15
"139",55753,55678,55300,54447,54159,93.19,92.49,95.1,82.55,74.16,58.3,60.14,58.48,52.63,60.07,7.31,6.45,8.33,7.42,1.34,8.94,6.12,11.26,27.66,24.21,68.3,68.68,69.31,71.48,72.18,6.85,6.57,8.06,6.23,1.02,160.58,238.87,115.99,80.67,114.85,3.69,9.56,6.82,6.29,11.11,92.33,135.35,146.38,94.39,129.51,84.59,177.83,161.65,94.08,131.19,118.21,56.23,61.86,106.29,76.23,9.07,8.91,11.61,9.7,2.11,683.08,773.29,855.9,835.97,1053.16,85.64,82.98,121.99,117.8,23.5,275.32,253.24,198.92,325.09,386.01,197.81,233.79,331.27,560.06,756.16,90.19,139.5,275.21,528.84,724.77,21.9,18.22,12.92,16.9,16.33,3.21,3.05,1.63,2.76,16.43,9.39,7.31,3.86,2.24,2.48,3.78,2.9,1.69,3.65,7.04,13.05,10.62,5.17,3.3,4.18,9.67
"140",75626,75646,75497,74943,75041,98.11,97.03,92.25,91.49,79.71,59.32,64.51,58.18,54.92,60.22,10.68,13.5,5.09,3.06,2.37,5.96,7.36,6.91,17.52,21.95,58.99,57.36,58.38,59.36,66.96,10.7,13.25,6.1,2.91,2.54,222.86,241.02,191.38,59.98,101.4,12.88,17.91,20.97,9.7,6.46,289.17,296.43,329.83,146.43,130.95,365.89,368.61,422.66,152.51,133.92,27.33,27.13,23.66,65.57,74.67,13.62,19.82,8.65,5.24,5.45,615.51,776.91,677.03,678.83,762.92,110.8,162.61,59.2,37.77,30.05,195.7,165.24,132.46,100.08,66.63,238.53,335.41,379.64,421.64,499.03,214.73,305,346.52,388.28,465.71,18.51,13.31,10.5,7.41,4.19,1.77,1.02,2.24,2.65,2.22,2.99,2.9,2.89,3.13,2.66,4,3.35,2.51,8.99,13.46,4.04,4.37,4.01,4.41,3.97,32.85
"141",79297,78634,77737,74742,74025,91.99,90.35,93.09,82.94,69.51,71.16,74.25,73.64,70.11,78.74,10.09,6.84,7.17,4.31,0.7,13.88,10.34,15.19,19.08,32.63,66.77,67.75,66.75,67.89,70.45,9.43,6.45,6.84,4.06,1.31,129.79,163.22,87.77,110.29,92.68,4.73,10.11,11.3,12.23,4.89,128.21,150.29,122.44,140.56,113.69,135.51,169.5,127.62,147.34,114.62,73.8,59,78.36,67.87,87.25,12.87,7.99,11.11,8.08,2.41,670.34,759.64,815.55,808.05,978.58,95.08,69.99,79.36,49.71,8.71,199.91,197.75,241.2,254.21,216.14,220.27,228.19,277.46,426.73,725.53,184.96,186.22,235.01,383.24,685,19.52,17.46,20.27,18.29,12.09,2.1,2.83,3.04,5.11,24.83,4.24,4.24,3.87,3.98,3.41,4.06,3.07,1.49,4.66,9.45,5.94,6.33,5.37,6.19,6.34,22.98
"142",96496,95801,94883,92340,91530,93.36,91.89,92.26,93.03,84.79,63.39,66.29,66.09,63.91,69.79,11.23,5.11,10.65,8.45,3.93,13.35,8.69,11.51,12.71,20.79,66.75,68.66,68.52,70.18,70.75,10.49,4.89,9.85,7.9,5.33,134.14,154.44,163.76,119.53,86.7,7.6,8.36,11.53,10.89,3.77,150.92,172.8,184.63,171.39,115.91,159.51,200.84,207.51,187.76,117.65,62.69,49.79,48.19,53.26,85,11.97,7.44,13.96,10.49,9.38,712.04,796.37,886.67,905.88,1105.43,126.1,61.36,142.85,119.74,62.24,233.17,193.11,152.82,113.71,71.01,270.88,259.51,365.75,398.18,513.64,244.97,217.76,323.6,354.86,469.94,19.38,14.77,10.51,7.46,3.8,1.85,3.15,1.07,0.95,1.14,2.85,3.65,3.16,3.44,2.81,3.58,3.08,2.47,7.95,12.51,3.74,4.89,4.15,4.4,3.91,32.26
"143",38960,38787,38426,37530,37315,94.69,86.05,81.55,89.79,80.8,71.6,75.14,76.15,68.78,80.17,9.05,6.57,8.82,11.71,-0.97,7.87,6.18,5,11.05,26.46,67.04,67.76,68.08,69.18,67.73,8.67,5.66,7.19,10.53,-0.75,188.7,370.31,654.83,210.56,62.75,8.89,18.12,40.22,47.96,10.15,42.43,437.4,774.06,499.63,130.84,-201.39,442.3,1127.03,587.09,134.57,-49.66,22.61,8.87,17.03,74.31,14.61,8.17,12.57,16.15,-0.95,806.75,912.14,1018.19,1062.91,1314.37,101.94,79.78,117.9,181.02,-15.85,464.3,465.29,436.03,409.35,339.68,194.41,331.45,757.27,1032.02,873.42,-176.27,330.36,723.65,994.93,801.38,39.02,32.98,26.59,23.78,16.74,4.55,5.83,3.7,2.26,-21.43,32.77,0.79,2.48,3.67,5.2,4.15,2.15,1.62,6.37,9.83,48.21,1.26,4.25,5.36,8.85,5.19
"144",112933,112702,112149,109242,108875,98.84,98.65,96.52,94.8,89.9,46.7,51.59,48.95,48.66,52.06,8.56,1.21,11.49,4.76,1.39,8.3,5.78,6.74,8.53,17.22,61.27,60.95,64.92,63.71,64.85,8.47,1.23,11.09,5.21,1.28,117.79,42.54,235.9,115.42,61.57,6.96,7.07,10.11,11.16,2.57,115.18,116.36,194.26,232.57,102.63,120.21,122.3,263.66,232.57,102.95,83.19,81.77,37.93,43,97.14,9.53,1.58,12.98,7.34,2.75,539.47,597.85,629.8,647.12,743.91,98.92,14,147.86,63.32,19.9,321.02,363.48,304.66,312.69,310.06,146.45,111.31,277.77,274.7,337.61,114.84,85.85,217.13,274.7,301.79,27.47,30.94,22.86,22.29,19.51,3.25,25.96,2.06,4.94,15.58,3.47,2.84,4.93,1.15,3.93,2.78,2.16,1.65,5.16,8.62,4.1,3.46,5.97,1.47,5.13,28.24
"145",96909,96126,94917,91922,91134,98.69,97.05,96.87,92.53,98.48,63.94,66.08,65.6,63.3,69.46,5.43,3.08,7.72,3.69,-1.16,4.12,5.52,5.98,9.69,5.72,63.87,67.55,68.79,65.92,65.08,5.46,3.21,7.52,3.44,-1.14,166.45,107.97,186.57,113.77,6.26,5.1,4.15,9.25,14.37,16.11,198.63,134.94,236.45,209.84,221.04,227.23,141.9,262.69,217.92,225.72,44.01,70.47,38.07,45.89,44.3,7.71,4.24,8.25,5.26,-0.86,831.78,905.85,1003.43,1056.71,1323.84,70.7,42.18,118.11,61.54,-22.16,37.91,48.77,72.24,117.7,278.78,135.47,125.69,253.21,388.56,268.74,120.14,110.23,235.94,375.88,264.21,2.88,3.45,4.57,6.52,14.4,0.54,1.16,0.61,1.91,-12.58,1.26,1.14,1.13,0.97,0.73,3.4,1.24,0.69,4.16,3.41,1.67,1.52,1.48,1.36,0.97,8.41
"146",50037,49794,49583,49052,48804,86.45,94.88,87.59,89.5,75.08,60.9,63.13,63.69,56.94,68,19.52,10.33,12.51,18.64,7.96,22.38,14.66,19.58,19,35.87,67.76,65.24,64.68,69.2,66.33,18.35,9.96,12.05,19.69,6.08,151.72,102.04,125.28,159.11,79.9,11.61,11.87,17.45,24.3,17.91,147.77,155.7,160.54,222.92,122.41,157.89,166.48,167.16,241.93,123.61,63.33,60.07,59.82,41.33,80.9,26.05,13.04,17.43,27.12,10.16,561.9,608.97,686.36,658.55,849.85,180.14,99.6,134.84,215.56,99.44,197.61,189.99,226.44,195.58,307.97,383.41,276.22,408.77,568.23,829.83,338.05,247.45,383.7,534.09,795.43,18.51,18.69,18.4,15.13,18.5,1.1,1.91,1.68,0.91,3.1,4.86,3.24,2.25,3.18,2.52,3.28,2.18,1.17,3.57,2.44,6.97,4.24,3.23,4.4,4.26,14.3
"147",49943,49562,48979,47195,46820,97.83,98.54,97.54,90.48,83.4,70.97,73.04,73.15,67.76,74.84,3.82,4.62,9.18,11.8,3.03,4.1,2.79,4.39,11.45,20.71,69.44,71.82,68.55,70.25,71.2,3.75,4.55,9.03,10.68,2.53,146.84,223.18,280.33,195.61,90.48,6.21,8.61,14.43,21.82,17.07,220.12,371.18,421.39,304.3,180.31,254.45,419.69,454.59,311.4,180.76,39.3,23.83,22,32.11,55.32,5.86,6.22,12.56,14.65,4,853.44,958.57,1102.79,1152.41,1344.76,45.93,60.61,138.32,200.71,54.36,31.42,25.24,19.05,13.02,10.6,139.92,157.04,292.4,611.04,825.45,125.79,150.61,285.9,604.3,822.92,2.56,1.9,1.23,0.69,0.49,0.68,0.42,0.14,0.06,0.2,1.22,0.51,0.43,0.39,0.15,2.78,1.62,1.18,5.02,6.21,1.57,0.65,0.57,0.55,0.22,6.18
"148",78301,77842,77167,74815,74254,88.85,92.24,87.96,91.72,87.15,68.29,70.67,69.18,68.52,74.51,4.94,4.99,3.74,2.86,-1.91,18.91,11.54,10.76,18.23,18.29,62.51,64.69,65.33,62.58,63.1,4.45,4.6,3.71,2.8,-1.47,78.86,108.12,150.23,54.9,56.24,6.41,9.96,17.16,7.55,0.94,98.66,121.55,187.32,115.14,75.93,98.45,128.59,211.71,117.96,71.77,101.58,77.77,47.23,84.78,139.34,6.46,3.5,9.86,2.96,-0.69,740.61,844.36,868.2,980.82,1181.78,53.56,59.6,46.97,40.89,-30.35,297.97,338.03,385.06,406.26,469.28,275.21,238.84,348.9,423.33,322.29,236.73,190.44,308.23,365.6,259.69,24.41,26.1,26.99,26.03,25.79,5.56,5.67,8.2,9.93,-15.46,3.58,4.03,3.03,5.01,4.97,1.76,1.12,0.66,5.05,5.93,5.07,5.55,4.2,7.16,7.36,13.66
"149",71907,72408,72690,74203,74550,98.31,94.4,95.17,89.62,82.32,41.74,45.46,46.23,42.79,50.57,17.56,15.74,20.19,16.22,12.38,12.26,10.21,11.04,22.8,32.1,62.73,61.73,62.75,63.27,67.25,17.27,15.5,19.26,21.77,10.21,167.45,226.13,254.97,112.38,81.7,16.2,25.21,36.98,35.52,25.13,241.78,375.86,492.23,260.2,173.68,243.14,378.71,492.23,260.2,173.68,41.13,26.41,20.32,38.43,57.58,23.67,22.5,27.39,33.19,17.45,377.3,457.04,525.85,506.62,619.86,158.75,158.21,229.61,192,151.7,1.75,0.75,0,0,0,254.06,365.74,554.74,762.23,882.01,253.06,364.75,554.74,762.23,882.01,0.19,0.07,0,0,0,0.01,0,0,0,0,0.11,0.1,0,0,0,2.03,2.75,0,0,0,0.15,0.14,0,0,0,3.56
"150",76324,75847,75109,72560,72050,88.36,89.95,88.41,91.89,74.61,65.78,68.79,69.04,66.22,72.83,8.5,9.27,8.65,8.66,4.63,17.5,19.49,11.71,12.3,25.22,66.48,68.36,66.87,66.08,68.15,7.53,8.44,7.66,8.27,3.49,111.66,93.09,179.72,136.57,120.21,9.75,7.5,11.84,10.07,5.71,115.13,116.96,180.38,169.37,119.61,118.61,120.02,207.84,189.66,121.28,84.31,83.32,48.11,52.73,82.46,10.02,12.25,11.81,12.22,8.13,626.62,736.11,824.93,910.73,1116.29,81.01,99.21,103.38,119.16,70.93,283.94,285.42,242.76,206.39,177.93,261.75,324.66,350.24,385.56,639.69,219.31,282.15,300.79,334.04,597.87,26.34,23.99,17.96,13.79,8.66,3.5,2.88,2.35,1.73,2.51,4.5,3.93,3.86,4.27,2.77,2.16,1.51,1.1,5.97,8.53,6.19,5.5,5.55,6.02,4.82,14.43
"151",119259,119225,118681,119512,119177,91.7,97.13,97.68,97.87,86.54,48.18,50.38,50.76,48.93,54.84,4.49,6.4,10.31,3.46,1.71,10.24,5.19,4.45,6.28,16.99,67.64,70.17,68.91,68.49,72.08,8.23,7.26,10.24,3.76,1.66,124.34,182.58,303.62,87.17,85.83,12.63,14.45,19.69,17.05,9.99,185.34,305.84,447.74,310.92,154.31,205.12,390.32,582.5,369.27,157.41,48.75,25.62,17.17,27.08,63.53,14.23,9.97,13.3,4.74,2.49,434.7,491.02,557.42,536.73,653.81,40.49,62.39,113.21,37.96,20.36,96.23,71.56,54.1,34.1,20.5,224.36,215.53,285.02,281.65,391.23,201.58,195.02,267.24,262.02,377.54,9.78,7.13,4.81,3.04,1.49,2.38,1.15,0.48,0.9,1.01,2.5,2.14,1.62,1.96,1.13,1.93,1.36,0.71,7,9.42,3.5,2.81,2.06,2.55,1.61,8.14
"152",51357,51071,50702,49158,48814,81.6,93.79,90.25,85.73,56.06,59.97,63.25,65.31,58.18,68.59,9.33,13.57,12.41,13.87,3.75,21.35,10.94,14.24,21.54,50.41,67.62,71.46,66.98,70.4,69.71,7.63,12.73,11.21,11.9,2.11,129.54,190.18,159.53,129.1,83.96,13.95,22.91,25.69,28.2,7.98,166.65,309.77,283.39,233.35,114.37,169.49,330.14,295.68,239.12,114.56,59,30.29,33.82,41.82,87.29,13.38,16.81,16.87,17.36,5.07,496.22,566.31,692.51,669.99,832.81,77.23,121.49,131.56,159.78,45.53,162.27,153.95,144.73,137.49,123.21,353.73,323.04,466.43,662.79,1376.05,345.08,313.81,456.08,651,1360.8,16,16.13,12.32,10.24,5.69,2.1,1.27,1.1,0.86,2.71,1.36,1.39,1.08,1.51,1.25,3.18,2.65,1.64,6.18,9.65,2.13,1.91,1.58,2.23,2.83,59.71
"153",91278,91360,90948,90408,90278,79.69,89.12,87.19,86.13,78.29,58.08,58.92,59.98,53.87,61.9,5.21,-2.14,8.48,-1.48,-2.03,22.22,19.02,15.73,19.75,27.34,55.84,54.09,53.71,53.57,59.32,9.36,0.62,9.95,3.79,0.16,113.37,41.97,135.6,58.57,66.97,13.28,9.55,17.55,6.31,9.26,118.53,94.53,164.35,126.44,66.11,120.9,93.68,174.36,129.33,56.11,82.72,106.75,57.35,77.32,178.23,13.2,-0.21,12.84,10.03,0.48,446.58,466.68,551.06,491.36,578.84,40.05,-16.98,77.9,-13.52,-18.94,237.66,302.87,348.01,325.27,623.13,278.28,207.74,298.11,319.42,307.27,251.73,177.97,273.7,294.6,201.38,24.63,34.08,33.03,30.71,52.17,5.93,-17.84,4.47,-24.06,-32.9,3.19,3.72,2.59,4.27,11.48,1.8,1.1,0.84,6.28,5,5.2,5.33,3.89,6.32,17.67,16.12
"154",41182,41037,40743,39629,39517,91.83,98.11,96.33,88.57,72.84,64.92,68.39,67.4,62.15,72.12,8.97,8.35,11.14,11.75,2.99,18.71,3.43,10.04,9.82,37.16,67.47,67.54,67.36,65.51,64.3,8.32,8.67,10.76,10.43,2.24,85.24,316.12,150.78,256.4,70.22,6.52,8.34,9.68,17.99,7.38,88.08,204.08,165.03,256.89,98.24,84.32,361.4,189.82,311.28,98.14,118.6,27.67,52.68,32.12,101.89,12.06,12.21,16.1,16.93,5.76,667.01,784.61,865.3,956.84,1175.95,92.14,95.79,142.96,180.92,48.71,470.16,408.98,373.17,327.29,453.41,249.65,191.13,290.06,512.12,970.49,181.57,134.76,241.56,460.8,918.08,42.02,34.98,28,18.83,20.25,5.1,4.27,2.61,1.81,9.31,7.44,5.87,4.36,3.97,3.43,3.23,3,2.58,5.41,5.38,11.13,8.34,6.1,6.18,6.8,22.28
"155",112966,112255,111129,108000,107072,96.85,98.07,95.33,96.88,82.55,63,66.46,63.04,62.79,70.59,6.97,5.64,9.69,1.06,4.72,8.27,4.39,5.57,9.59,21.79,65.88,68.41,68.35,65.79,68.16,6.76,5.54,9.28,1.94,5.04,122.01,175.56,273.82,40.86,97.39,12.19,13.44,20.73,13.64,8.87,193.24,341.88,418.07,217.86,138.58,209.05,415.89,507.95,234.23,140.5,47.84,24.05,19.69,42.69,71.17,9.08,6.09,12.58,2.92,7.92,647.18,736,772.21,818.14,1023.08,71.64,62.5,118.75,13.87,68.42,122.73,108.81,91.46,75.13,56.63,194.67,214.49,350.03,339.13,559.8,180.06,199.79,331.59,320.15,540.65,11.57,9.63,7.12,5.59,3.23,1.71,1.74,0.77,5.42,0.83,1.62,1.46,1.52,1.78,1.37,2.06,1.65,1.23,6.65,8.57,2.05,1.85,1.91,2.24,2.02,17.3
"156",48644,48504,48166,46584,46248,81.68,94.13,77.65,80.73,91.02,72.44,73.96,74.24,69.38,80.03,6.07,7.99,4.47,3.87,-2.21,20.13,8.79,18.84,32.38,23.51,60.81,65.48,62.11,62.95,62.38,9.51,8.4,4.36,7.88,-2,120.35,160.43,149.98,60.26,24.35,10.84,16.69,27.38,19.28,7.51,91.65,253.64,201.71,127.59,94.82,86.21,282.21,211.45,128.07,94.57,115.99,35.43,47.29,78.08,105.74,15.66,11.68,8.3,12.89,-1.58,894.89,976.27,1110.17,1181.62,1389.87,74.93,105.49,66.81,65.92,-38.39,403.88,403.88,532.74,734.69,886.36,442.42,352.25,732.99,1017.77,542.63,252.17,330.47,701.22,1004.14,515.99,26.7,28.8,27.66,34.82,46.46,5.39,3.83,7.97,11.14,-23.09,13.42,2.2,1.95,2.12,4.57,3.17,2.24,1.09,4.22,6.83,21.49,3,3.31,3.47,6.48,6.72
"157",117942,117370,116492,112694,111958,93.05,90.06,89.81,91.59,86.09,62.49,63.76,62.05,60.72,64.13,6.56,6.62,9.07,4.84,4.34,11.67,16.99,12.3,11.58,21.95,63.47,65.28,65.12,63.83,66.01,6.86,6.01,8.16,4.48,5.63,113.6,92.4,160.07,112.57,76.19,3.67,5.42,8.74,8.65,5.89,128.61,104.28,159.51,167.64,104.06,131.97,104.58,176.29,175.76,104.21,75.77,95.62,56.72,56.89,95.96,10.02,8.4,11.52,6.64,8.23,723.57,795.24,832.29,874.07,1028.33,75.96,82.51,121.7,69.75,69.61,156.77,204.74,158.04,141.83,218.74,205.58,266.18,349.93,336.92,465.23,188.75,249.27,301.69,315.37,449.62,12.6,14.78,10.58,9.02,11.74,2.06,2.48,1.3,2.03,3.14,1.66,1.37,3.34,1.94,1.36,2.46,0.99,1.06,6.36,4.47,2.28,1.92,4.57,2.67,1.94,22.88
"158",38203,38156,38061,37815,37821,81.22,84.42,88.85,68.28,76.41,55.31,58.2,56.38,48.34,67.35,22.2,17.29,18.91,26.78,14.69,33.39,25.2,21.2,55.09,35.6,49.25,47.67,47.87,51.51,51.84,18.2,14.6,16.8,18.28,11.22,116.22,128.27,144.18,81.55,96.62,5.56,7.11,12.89,1.61,5.78,115.47,125.13,164.31,90.23,116.05,117.54,130.2,166.47,90.19,116.05,85.08,76.8,60.07,110.88,86.17,24.52,22.01,25.02,30.52,18.83,340.97,398.8,423.57,412.27,560.42,136.89,118.47,142.08,228.37,122.23,47.18,8.71,3.23,95.2,95.19,314.9,287.17,278.38,693.95,455.33,282.65,248.63,272.88,690.69,455.33,6.22,1.07,0.38,7.62,8.74,0.34,0.07,0.02,0.42,0.78,4.47,4.82,0.66,0.4,0.67,3.49,6.9,1.84,1.88,7.72,6.75,7.07,0.88,0.71,1.1,5.11
"159",116841,116141,115110,111828,110976,91.41,84.34,79.43,88.4,84.66,57.85,61.96,61.46,59.63,65.87,9.83,8.6,10.17,4.32,2.14,20.13,26.72,29.59,17.88,20.27,63.46,64,64.15,63.18,64.75,8.99,7.25,8.1,4.08,1.87,84.6,81.53,95.56,83.78,81.41,8.4,4.83,5.26,6.75,7.24,95.17,94.84,101.68,100.57,103.32,94.02,94.21,101.82,100.65,103.51,106.36,106.15,98.22,99.35,96.61,11.93,10.55,12.52,5.67,2.57,594.25,709.44,763.65,782.38,965.73,100.98,98.46,126.42,56.74,31.36,433.67,472.14,508.02,577.18,668.29,275.18,406.03,514.48,313.74,397.93,219.45,359.44,477.59,275.09,377.62,38.59,34.78,32.47,38.89,38.59,4.29,4.8,4.02,10.17,21.31,5.89,4.03,2.77,4.7,3.65,2.4,1.73,1.28,5.4,6.43,7.76,5.79,4.22,6.41,5.12,18.68
"160",76476,76081,75464,73372,72875,86.72,93.04,93.33,83.15,80.35,69.61,72.31,70.59,68.04,75.88,8.32,8.03,5.77,3.47,2.69,20.69,11.62,10.68,20.7,22.29,69.34,73.32,72.74,69.76,69.1,7.25,7.49,5.4,2.94,2.45,98.82,128.27,114.63,94.21,97.27,1.63,6.35,6.05,3.75,2.59,107.38,127.48,150.39,117.89,111.29,107.85,130.6,157.48,117.89,111.29,92.72,76.57,63.5,84.82,89.86,11.38,8.27,8.28,5.47,3.71,794.4,913.11,955.96,1022.23,1322.9,94.92,101.46,78.13,52.14,46.87,146.38,169.27,149.18,153.43,155.85,311.63,216.8,261.8,446.3,541.47,294.27,199.49,240.33,446.3,541.47,11.12,12.47,10.28,8.49,7.18,1.54,1.67,1.91,2.94,3.32,1.6,1.42,1.58,0.53,0.51,2.52,1.17,1.01,6.3,7.09,2.21,1.84,2.01,0.77,0.77,21.24
"161",42164,42050,41816,41602,41494,92.64,79.32,85.16,94.6,84.96,61.01,63.65,63.09,58.28,66.04,12,11.4,14.05,12.86,8.72,13.54,27.82,19.99,11.09,22.3,62.54,64.45,64.94,60.89,64.77,11.12,9.04,13.68,14.42,7.44,144.71,109.74,146.52,170.79,100.9,3.51,2.87,8.08,12.66,8.44,120.59,109.71,137.59,189.51,133.61,127.5,110.6,144.18,216.36,137.92,78.43,90.42,69.36,46.22,72.5,17.32,15.99,22.86,22.63,11.81,625.75,724.65,800.93,858.81,1000.62,123.09,129.81,178.31,189.51,132.1,308.32,273.48,227.19,191.1,140.74,227.71,465.7,440.97,394.74,598.17,180.27,430.03,393.15,346.66,547.32,27.85,19.05,15.24,12.27,7.89,2.5,2.11,1.27,1.01,1.07,5.26,3.02,3.45,3.72,3.69,3.5,2.81,1.61,5.14,10.66,8.04,5.41,5.68,5.67,6.13,22.78
"162",66549,66232,65796,64016,63559,78.47,91.86,94.51,90.02,80.43,66.64,69.05,66.56,63.64,72.73,8.04,4.64,6.4,5.06,1.88,33.35,7.98,10.15,15.07,24.1,66.07,67.79,66.63,64.69,64.79,6.71,4.36,8.83,4.57,1.9,77.09,163.28,115.5,95.8,84.15,6.29,9.97,9.77,7.11,5.96,75.32,123.7,146.56,119.7,103.11,72.1,148.47,167.42,125.14,103.2,138.71,67.35,59.73,79.91,96.89,8.42,6.95,13.47,7.08,2.86,882.38,989.9,1017.02,1076.31,1411.64,106.43,66.58,97.79,85.61,36.53,777.58,755.49,737.14,740.81,851.6,518.98,300.06,342.87,435.34,643.03,439.27,176.12,270.49,356.61,623.92,46.08,48.41,45.6,39.43,35.29,7.31,11.35,7.54,8.65,23.31,5.97,8.83,5.01,6.56,3.25,2.7,1.84,1.17,6.02,6.96,9.77,12.08,6.4,8.81,4.98,26.36
"163",165982,166154,165444,166869,166322,97.26,96.26,95.96,96.17,91.17,55.12,59.8,61.23,58.67,65.43,6.12,8.65,8.57,4.39,0.38,7.44,6.27,10.84,12.5,14.98,62.18,62.9,59.81,64.6,66.14,5.96,8.32,8.24,4.24,0.38,118.6,205.19,115.06,61.33,57.34,7.51,12.47,11.18,5.3,1.31,180.84,254.5,191.41,134.03,78.83,202.42,292.83,202.44,137.88,77.02,49.4,34.15,49.4,72.53,129.84,7.31,8.96,14.87,8.08,2.12,481.83,587.13,707.64,652.56,785.47,53.52,84.9,99.04,48.87,4.59,140.48,136.82,149.08,122.34,158.4,151.03,190.52,275.46,226.68,180.35,133.43,175.64,259.96,209.5,162.33,15.63,13.42,12.38,10.58,12.03,2.62,1.61,1.51,2.5,34.49,2.35,1.66,1.39,2.03,1.93,2.5,1.47,0.86,5.12,4.68,3.12,2.29,1.94,2.74,2.7,19.99
"164",30818,30793,30589,30308,30189,91.97,95.59,93.81,81.34,69.09,51.56,53.22,54.7,55.88,60.62,4.87,3.71,7.34,6.9,-2.86,12.07,9.71,11.76,18.08,34.67,64.49,68.07,69.28,56.66,66.7,4.55,3.89,6.9,5.62,-1.98,104.18,80.46,112.99,145.2,76.71,4.36,4.19,5.98,8.97,8.13,102.46,99.48,123.54,147.56,97.98,103.26,99.35,127.55,153.68,97.94,96.85,100.65,78.4,65.07,102.11,7.43,6.21,9.95,10.77,-2.76,562.27,621.61,722.47,1019.61,984.62,53.16,43.36,96.99,125.98,-46.49,448.27,471.71,486.3,442.54,634.6,192.98,149.02,235.72,624.57,887.47,147.04,120.14,207.94,576.3,868.46,37.81,38.6,34.54,19.73,26.99,8.43,10.88,5.01,3.51,-13.65,5.08,3.43,2.66,3.51,2.87,3.19,2.76,2,6.88,7.64,7.81,5.06,3.94,6.92,5.81,31.08
"165",106626,107023,106826,106746,106900,87.05,86.71,90.08,87.03,79.53,63.37,67.44,65.7,65.87,72.32,8.43,10.51,10.07,6.11,3.24,19.21,18.12,22.91,22.06,25.49,70.28,70.22,72.18,69.78,71.65,7.34,9.12,9.2,5.32,2.58,107.07,130.47,78.89,79.06,87.5,10.88,18.06,14.42,9.16,7.87,105.95,151.03,138.02,120.6,99.29,107.69,162.71,142.18,123.05,99.17,92.86,61.46,70.33,81.27,100.84,10.88,11.46,12.92,7.29,4.88,625.93,758.78,779.09,841.23,1031.41,83.25,118.24,119.4,77.99,46.17,513.48,555.21,577.69,593.98,659,294.54,413.61,485.2,458.06,547.36,231.55,362.61,450.49,417.7,468.25,45.25,42.78,43.89,40.48,36.75,6.17,4.7,4.84,7.62,14.27,6.65,4.8,3.22,4.96,7.03,2.43,2.04,1.33,5.47,7.12,8.97,6.73,4.19,6.97,10.44,19.77
"166",93139,93125,92831,91996,91760,84.17,86.35,86.23,78.18,87.74,68.72,72.21,71.63,68.52,77.12,6.83,10.39,9.3,5.29,0.05,19.66,10.29,20.91,29.77,19.06,64.01,67.37,66.57,61.79,59.78,5.75,9.07,8.08,4.16,0.08,112.43,254.93,105.38,82.73,59.57,7.27,17.61,15.31,6.46,5.39,50.18,249.54,166.75,104,74.72,-29.66,298.44,174.04,104.68,69.16,-337.15,33.51,57.46,95.53,144.59,9.9,12.07,12.27,6.28,0.46,597.32,692.23,736.08,805.78,1010.27,59.39,99.58,95.53,62.25,0.65,466.32,434.18,408.62,406.91,515.83,258.87,326.22,455.76,574.66,281.06,-58.79,294.01,428.83,494.22,213.32,45.16,39.11,34.29,27.05,34.55,7.85,4.36,4.28,6.54,797.88,32.42,3.96,2.83,7,7.06,3.67,2.71,1.65,6.09,7.3,47.76,5.76,4.04,11.56,10.66,5.39
"167",124937,124190,123099,120182,119262,90.49,94.47,97.29,96.4,95.56,54,60.09,59.4,62.24,69.97,8.24,6.39,11.3,3.64,-1.64,17.14,6.37,9.08,7.99,8.67,63.56,64.34,64.47,58.2,59.65,7.46,6.32,11,3.51,-1.55,98.78,192.07,159.05,88.17,31.15,5.81,11.39,12.78,8.22,4.78,83.57,187.75,212.06,177.88,89.22,74.85,232.31,249.08,201.93,86.62,133.6,43.05,40.15,49.52,115.45,10.45,7.95,14.66,4.9,-1.2,463.39,574.18,633.03,741.86,932.77,70.72,61.06,120.46,43.4,-21.92,269.5,274.9,246.06,221.25,275.78,208.34,172.38,266.4,232.08,142.47,121.9,141.46,235.21,201.3,111.45,28.42,27.18,22.46,17.89,19.77,3.81,4.5,2.04,5.1,-12.58,9.92,3.51,3.08,3.59,3.38,2.82,1.68,1.04,6.15,5.86,13.7,4.7,3.87,4.98,4.59,8.78
"168",59227,59147,58852,57819,57714,83.58,86.82,86.61,93.65,69.64,77.59,79.74,79.53,73.93,82.24,16.39,17.13,18.52,14.59,8.6,24.01,14.36,18.04,15.79,40.94,58.63,63.54,63.8,58.62,63.35,13.71,14.88,16.18,13.66,6.07,136.46,232.6,189.54,133.45,82.39,8.21,20.6,29.83,30.53,12.96,131.66,233.9,261.04,274.1,128.17,137.18,270.82,292.1,303.59,129.37,72.9,36.93,34.23,32.94,77.3,21.39,22.97,24.39,19.57,12.71,664.83,735.32,800.47,871.09,974.65,140.48,158,186.44,171.86,101.93,232.58,197.58,163.76,134.74,102.97,350.02,382.23,562.01,604.65,1003.29,310.51,346.91,527.2,572.7,971.28,22.68,18.6,14.09,10.71,6.05,1.66,1.25,0.88,0.78,1.01,4.52,3.69,3.17,3.29,2.43,2.93,1.97,1.27,7,9.02,7.45,5.54,4.76,4.75,4.61,17.24
"169",108938,108778,108193,105984,105531,91.4,88.2,90.77,91.1,84.24,70.63,72.94,71.65,71.24,75.64,6.74,7.44,5.04,4.6,0.1,12.67,21.15,12.25,10.8,17.5,62.96,66.65,64.87,61.94,63.28,6.3,6.68,4.76,4.62,0.82,119.38,83.86,114.78,124.48,88.76,4.12,6.64,7.24,5.78,3.69,108.64,90.36,133.29,137.49,113.14,110.75,89.27,141.76,150.92,115.6,90.29,112.02,70.54,66.26,86.51,8.33,8.76,7.78,5.78,3.37,763.34,854.73,915.37,1030.41,1185.38,72.83,87.2,64.44,66.57,1.55,187.86,274.56,264.27,275.23,309.17,197.75,292.87,283.05,311.93,445.85,161.95,259.77,239.98,252.08,383.85,15.89,20.66,18.78,17.34,16.62,2.58,3.15,4.1,4.13,198.93,3.34,2.66,3.22,4.66,4.33,1.96,0.84,0.87,5.13,6,4.65,3.81,4.48,6.95,6.65,10.31
"170",278219,280403,282721,299518,301357,91.7,78.69,89.25,89.61,88.21,35.34,39.08,41.69,41.34,46.76,19.93,14.56,19.86,5.07,-4.27,22.57,12.19,20.55,22.22,16.62,55.63,53.22,49.83,45.13,45.6,18.28,11.46,17.74,4.87,-3.47,124.12,351.17,153.91,61.46,43.73,17.74,36.11,43.32,31.05,18.4,172.98,428.17,326.26,224.72,197.46,181.28,486.98,334.13,227.79,200.36,55.16,20.53,29.93,43.9,49.91,23.57,17.08,24.25,7.24,-3.89,288.54,335.97,428.3,425.18,499.3,162.67,125.17,204.02,52.14,-45.62,60.81,41.88,34.02,25.13,18.37,367.21,514.72,719.09,642.11,451.25,345.52,496.45,711.68,635.24,444.63,6.83,3.83,2.96,2.19,1.52,0.37,0.33,0.17,0.48,-0.4,2.65,1.77,0.69,0.75,0.69,3.08,2.48,1.42,6.77,9.23,3.37,2.7,0.93,1.09,1,8.63
"171",131729,131997,132171,131332,131651,83.59,86.33,93.71,91.14,83.52,68.39,71.74,70.98,71.7,75.26,13.73,8.75,11.67,2.67,7.73,22.44,16.14,15.13,17.03,21.63,59.84,56.74,57.05,50.21,57.33,11.52,7.55,10.94,3.91,7.05,133.66,140.01,116.69,62,107.84,7.43,12.06,14.42,5.3,6.96,76.42,137.59,143.34,49.9,112.72,58.34,150.47,159.98,-30.63,114.47,171.4,66.46,62.51,-326.44,87.36,15.58,8.54,17.33,6.44,11.75,705.2,835.86,903.25,1038.02,1218.29,141.61,101.89,148.5,38.66,125.15,474.47,464.03,462.18,462.16,479.56,347.56,377.91,397.5,376.5,528.64,150.18,307.83,320.6,-88.63,471.96,38.46,34.38,34.04,29.09,24.74,3.35,4.55,3.11,11.95,3.83,16.99,5.66,6,30.88,4.54,2.58,1.35,0.97,5.52,6.52,24.05,7.92,7.83,46.02,7.24,6.2
"172",48948,48689,48280,47177,46858,84.54,73.3,82.53,85.07,84.48,73.21,75.91,74.18,70.6,79.53,1.92,6.65,2.88,2.61,-0.58,21.56,20.04,23.48,19.5,22.22,61.63,63.61,62.07,56.32,54.75,1.81,9.34,2.54,2.32,0.53,74.96,184.2,80.68,85.48,61.88,6.96,17.67,13.07,13.5,12.95,85.89,191.03,150.66,135.94,102.49,83.79,202.61,153.12,137.77,102.66,119.34,49.36,65.31,72.59,97.41,3.45,15.46,5.05,4.36,0.65,928.79,1094.34,1128.65,1325.58,1743.5,24.39,95.89,43.88,49,-12.81,477.32,419.14,400.65,525.82,805.32,337.35,726.12,716.47,632.77,689.91,286.64,683.22,694.42,610.21,646.81,31.81,21.31,21.73,23.82,31.03,19.57,4.37,9.13,10.73,-62.84,4.08,2.62,1.49,2.19,3.28,2.19,2.04,1.36,4.89,5.21,6.25,4.71,2.3,3.58,5.88,20.61
"173",127262,127872,128080,129443,129721,90.14,90.83,90.48,93.64,88.23,60.47,64.38,62.41,65.39,71.48,13.26,10.99,14.38,8.29,7.64,20.96,14.75,15.19,14.67,20.97,60.56,60.34,61.03,50.98,54.21,11.97,9.99,13.01,7.82,6.99,105.25,136.86,162.37,95.66,85.61,8.88,13.12,19.16,10.42,7.1,117.04,157.66,206.51,153.98,121.56,120.11,171.15,228.76,170.56,123.37,83.25,58.43,43.71,58.63,81.06,16.03,13.03,17.13,11.13,10.71,554.06,651.06,679.79,831.63,996.67,121.54,111.11,156.61,105.39,106.53,234.42,232.04,212.39,148.59,198.23,291.1,303.09,417.07,403.55,450.19,253.07,266.64,382.18,341.98,421.52,23.06,20.84,17.64,10.94,12.54,1.93,2.09,1.36,1.41,1.86,4.22,3.57,3.1,5.36,2.48,2.07,1.4,1.17,7.6,5.34,5.54,4.73,3.99,7.78,3.69,12.78
"174",216429,216994,217149,214675,214962,93.26,88.8,92.04,90.15,84.17,61.63,64.21,64.21,68.79,70.42,18,11.19,10.06,8.93,9.8,14.53,12.36,17.3,23.16,25.34,53.67,50.58,45.47,41.04,48.59,16.97,10.91,10.58,8.57,8.48,180.97,190.14,99.41,72.34,93.39,13.47,22.38,21.86,10.63,11.59,149.04,195.4,161.5,123.47,122.18,172.3,244.7,182.62,127.71,125.58,58.04,40.87,54.76,78.3,79.63,22.85,14.49,14.68,13.77,14.71,440.18,496.71,565.88,722.18,734.79,128.56,86.58,88.62,93.76,102.21,265.54,269.63,284.82,308.23,320.7,218.8,287.1,359.68,420.15,450.23,171.57,237.03,302.76,368.07,401.25,34.67,30.95,29.75,26.47,25.87,2.07,3.11,3.21,3.29,3.14,6.99,6.16,6.22,5.71,5.62,2.38,1.34,0.93,4.67,6.44,9.45,8.67,8.43,9.54,8.93,13.4
"175",191669,191882,191420,190090,190087,83.79,88.47,92.97,94.18,88.67,73.03,75.24,74.62,77.61,82.33,10.21,13.14,12.44,7.09,7.27,23.07,17.54,8.42,12.32,21.18,56.67,58.34,57.66,47.56,47.45,8.63,11.62,11.61,6.76,6.46,109.79,141.68,248.45,101.6,80.46,10.17,14.25,22.65,17.17,8.67,111.64,176.51,329.8,223.56,137.67,112.91,187.17,402.53,239.66,139.25,88.57,53.43,24.84,41.73,71.81,13.25,16.12,16.04,11.15,11.63,663.67,777.05,831.85,1076.06,1326.12,92.8,135.67,138.73,98.26,117.12,172.27,145.5,117.44,94.72,77.86,302.91,383.67,389.71,457.35,575.72,276.3,357.09,361.31,433.78,558.88,15.88,12.46,9.79,6.43,4.29,1.86,1.07,0.85,0.96,0.66,2.7,2.51,2.48,1.95,1.27,1.56,1.9,1.13,5.36,7.9,3.78,3.33,3.11,2.91,2.06,10.08
"176",111655,110900,109872,107297,106354,93.64,84.37,87.84,84.46,82.64,59.08,61.35,61.51,63.2,68.78,8.33,7.92,10.39,3.96,-1.49,10.9,13.68,17.74,23.01,22.86,56.8,64.28,64.76,59.51,60.98,7.81,6.69,9.14,3.35,-1.22,134.79,181.18,125.41,77.91,64.88,8.55,17.37,20.18,11.54,4.27,122.15,176.33,189.95,135.18,99.91,134.5,204.98,205.46,139.02,99.9,74.35,48.79,48.67,71.93,100.1,10.06,9.36,12.85,4.92,-0.8,634.22,682.14,755.93,884.1,1045.31,89.42,88.09,127.69,55.44,-22.66,175.14,174.03,166.56,161.23,209.6,229.13,393.54,529,601.84,488.77,161.96,332.63,488.04,558.04,456.73,15.28,13.21,11.9,9.74,11.4,1.96,1.98,1.3,2.91,-9.25,6.2,4.86,3.01,3.02,2.36,2.25,1.77,0.71,3.87,5.41,8.24,6.95,4.08,4.79,3.6,5.86
"177",153632,153125,152053,149639,148899,87.53,88.27,89.77,94.37,88,62.82,66.39,64.37,70.27,74.32,13.72,7.26,14.15,1.96,3.86,19.8,19.72,20.35,9.44,19.05,59.94,59.3,62.15,53.41,57.71,12.07,6.71,13.1,1.86,3.52,131.26,90.13,116.44,77.62,77.33,8.94,6.8,10.23,8.11,5.42,126.24,115.89,127.92,134.39,99.69,131.14,118.05,132.41,145.22,99.65,76.26,84.71,75.52,68.86,100.35,16.62,9.62,17.52,3.95,5.84,684.78,784.97,839.27,1048.57,1203.49,149.53,85.81,184.51,29.32,62.59,193.8,200.36,211.64,226.41,281.41,348.01,354.62,424.81,269.35,412.32,304.61,318.08,378.77,221.37,365.15,15.56,14.96,14.57,14.32,15.29,1.3,2.33,1.15,7.72,4.5,3.92,3.02,3.33,3.69,3.57,2.81,1.94,1.1,4.56,6.59,5.45,4.17,4.47,5.55,5.45,12.55
"178",43367,43160,42944,42383,42129,80.6,84.9,87.35,95.27,81.79,63.22,65.52,63.96,60.68,69.99,6.49,11.37,12.11,13.13,7.6,21.06,9.65,20.66,15.29,28.36,59.66,61.6,61.7,55.33,57.39,5.3,9.67,10.58,12.51,6.23,122.5,308.02,116.16,115.4,81.66,8.16,23.46,23.26,19.58,9.9,127.97,307.94,210.41,227.83,134.24,136.59,371.25,220.67,241.11,134.73,73.21,26.94,45.32,41.48,74.22,11.33,14.84,17.09,21.71,11.28,586.93,697.53,754.87,905.15,1116.12,60.22,121.05,142.87,195.92,121.26,88.63,79.22,54.26,30.67,22.55,387.62,404.81,621.05,588.37,794.22,316.29,374.13,595.96,564.07,785.92,7.69,6.32,4.02,1.96,1.16,1.47,0.65,0.38,0.16,0.19,6.4,2.56,1.91,1.69,0.52,2.65,1.77,1.36,6.95,8.28,10.92,4.25,3,2.62,0.98,3.29
"179",84160,84197,83561,83097,83062,86.27,75.93,92.27,86.92,82.89,72.53,73.62,70.01,70.5,75.54,10.57,6.79,4.2,6.47,0.9,13.22,23.37,16.45,19.52,16.11,57.68,59.6,60.47,54.65,57.8,9.13,5.17,3.9,5.65,0.74,194.38,135.39,66.68,94.91,113.16,10.91,15.9,12.4,7.31,7.6,185.99,170.85,167.26,135.12,145.46,192.81,173.64,171.23,137.08,148.16,51.87,57.59,58.4,72.95,67.49,15.05,4.53,10.59,10.55,3.83,854.34,913.59,879.88,1105.32,1278.67,124.54,84.32,52.83,101.48,15.16,316.71,302.09,290.38,272.15,253.15,322.13,626.56,419.88,507.23,496.49,309.42,612.66,405.87,487.38,477.37,23.2,18.48,21.32,15.09,12.4,2.54,3.58,5.5,2.68,16.7,1.8,1.38,1.51,2.24,2.05,3.74,2.89,2.27,7.55,8.96,2.87,2.44,1.98,3.58,3.33,93.26
"180",201509,201454,200923,197751,197418,92.54,86.73,85.71,92.8,90.55,59.09,63.35,61.81,62.62,65.03,7.87,4.47,10.72,1.66,2.18,14.1,10.78,19.72,14.65,10.24,60.58,57.31,58.87,54.26,61.49,7.31,4.34,11.58,2.25,2.03,105.4,171.17,124.9,55.81,113.03,9.17,14.84,17.8,8.06,10.22,120.19,192.19,169.92,143.77,149.77,124.33,218.48,179.86,151.48,162.61,80.43,45.77,55.6,66.02,61.5,9.84,4.44,17.76,3.1,3.14,423.51,514.06,567.37,634.26,681.69,56.38,36.26,98.39,16.78,22.8,168.1,169.23,170.95,143.57,158.73,156.96,231.42,390.58,289.05,220.36,134.71,204.7,361.99,258.93,190.19,21.7,18.09,15.96,13.15,13.71,2.98,4.67,1.74,8.56,6.96,3.33,3.17,2.84,3.58,3.49,2.12,1.76,1.07,6.25,6.49,4.21,4.48,4.02,5.07,4.74,16
"181",68135,68120,67901,66619,66488,96.61,89.53,96.72,95.54,85.98,63.56,69.05,63.58,67.42,72.36,17.1,8.22,15.26,10.75,7.75,7.59,13.17,13.35,10.79,22.73,62.54,56.71,60.79,51.29,58.12,16.89,7.37,14.76,10.27,9.78,302.75,143.04,142.87,142.76,88.71,18.17,19.22,24.52,24.1,19.62,293.51,238.77,286.28,324.16,182.67,376.28,254.13,294.08,333.59,184.12,26.58,39.35,34,29.98,54.31,22.45,11.49,19.54,16.8,16.52,656.7,788.9,770.65,1002.52,1031.91,176.71,93.94,185.03,159.88,110.58,44.03,26.42,19.88,13.51,6.77,294.74,421.94,472.19,542.45,719.02,264.65,404.32,465.56,535.69,712.25,4.12,2.07,1.59,0.87,0.41,0.25,0.28,0.11,0.08,0.06,2.95,1.43,0.55,0.48,0.45,3.21,2.22,1.13,5.81,9.08,3.95,2.23,0.73,0.78,0.74,4.69
"182",160080,159971,159333,157978,157651,92.32,80.75,90.66,95.31,80.86,61.93,65.18,65.36,65.79,71.73,11.43,9.72,10.58,4.66,3.46,15.18,22.68,16.98,13.21,23.38,66.65,67.62,66.14,62.82,65.74,10.65,7.94,9.66,5.29,2.85,124.58,126.72,114.09,66.07,92.15,9.97,13.96,16.26,14.28,13.09,156.7,157.72,190.6,160.59,130.54,160,159.91,195.12,168.87,132.2,62.5,62.54,51.25,59.22,75.64,14.17,11.67,13.95,7.8,6.01,603.34,700.24,774.55,834.3,1016.93,111.38,104.39,125.33,59.16,49.12,56.61,64.61,66.61,105.33,222.41,256.09,465.79,433.85,335.9,574.63,247.11,454.99,423.03,310.76,551.94,5.36,4.86,5.1,7.92,12.69,0.51,0.62,0.53,1.78,4.53,0.95,0.86,0.87,2.15,1.66,1.88,1,0.89,3.32,2.91,1.26,1.32,1.19,2.94,2.62,11.86
"183",127970,129984,131478,141212,142726,89.4,86.74,90.16,94.59,75.49,44.2,47.95,48.79,51.14,58.08,16.22,20.77,25.54,12.39,6.01,23.67,22.19,20.18,27.46,33.46,56.24,59.37,58.14,49.65,51.28,14.5,18.02,23.02,11.72,4.53,108.04,159.54,193.58,54.6,81.41,17.94,24.31,34.79,21.86,17.94,120.03,205.47,273.59,141.39,117.96,124.23,224.03,304.92,146.63,119.49,80.5,44.64,32.8,68.2,83.69,19.75,23.28,30.25,14.98,10.9,325.97,376.63,436.76,473.63,559.16,119.6,163.15,228.59,114.76,57.82,419.31,381.59,346.92,354.79,452.62,278.2,428.88,544.39,489.38,582.11,238.04,397.65,513.97,450.44,543.57,50.83,42.14,34.94,36.23,35.49,3.51,2.34,1.52,3.09,7.83,6.14,4.44,3.57,5.98,5.3,2.5,2.35,1.46,5.52,6.43,8.09,6.11,4.66,8.38,9.14,26.11
"184",33524,33332,33232,32667,32524,86.32,78.73,91.82,85.8,64.82,67.89,69.8,70.3,62.53,73.8,6.56,7.15,9.61,15.34,7.77,12.89,9.18,19.06,28.87,40.97,71.14,69.83,69.56,68.95,72.25,5.67,5.63,8.83,13.17,5.07,162.14,363.77,87,92.84,96.92,9.64,26.47,25.44,17.89,11.51,174.64,423.45,224.65,159.38,127.53,180.78,458,230.14,160.69,127.74,55.31,21.83,43.45,62.23,78.28,7.94,8.12,14.55,20.06,9.93,716.71,840.01,908.22,945.72,1155.26,69.26,86.03,124.2,232.08,121.6,91.41,79.86,67.99,57.65,50.04,275.81,529.64,645.05,846.51,1288.06,263.81,517.57,632.94,835,1280.19,7.47,5.23,4.83,3.27,2.07,1.32,0.93,0.55,0.25,0.41,1.18,0.88,0.91,0.83,0.48,2.64,1.76,0.97,5.42,7.35,1.77,1.51,1.3,1.27,0.97,20.11
"185",89460,89213,88476,85867,85378,96.78,98.5,91.83,94.72,97.16,60.56,63.43,63.05,60.58,66.63,11.13,5.39,8.11,6.06,5.14,12.5,3.62,14.31,11.52,7.84,68.02,65.9,66.73,66.23,69.52,10.87,5.32,8.91,6.19,5.9,113.85,194.51,110.8,95.13,99.93,7.03,6.66,12.17,13.84,12.59,144.88,199.52,126.47,160.2,196.87,157.24,290.22,131.88,175.06,231,63.6,34.46,75.83,57.12,43.29,11.81,7.31,12,8.06,7.47,725.62,833.63,886.77,909.43,1094.57,133.34,70.89,114.04,90.92,84.43,395.14,353.64,429.99,479.28,474.52,281.12,178.24,328.77,366.63,353.08,239.23,135.65,284.63,321.32,306.34,31.91,26.51,28.07,30.24,28.06,2.96,4.99,3.77,5.27,5.62,4.37,3.69,3.16,4.56,4.83,3.1,1.88,1,5.62,7.37,5.47,4.47,4.07,5.78,5.95,29.25
"186",108909,108940,108400,105783,105599,92.72,87.29,91.01,81.66,75.7,73.38,76.34,76.1,75.75,82.51,5.13,6.96,9.38,4.02,2.15,13.29,12.2,7.04,28.91,28.77,60.79,61.73,60.97,59.49,60.46,5.11,8,16.18,6.86,4.58,89.32,166.55,280.45,67.81,86.66,2.03,9.09,17.49,2.86,4.76,96.2,144.12,313.93,109.28,94.32,95.47,155.65,384.79,109.8,94.04,104.74,64.25,25.99,91.08,106.34,6.6,10.3,21.41,10.6,6.47,791.1,914.95,1025.62,1100.13,1336.75,55.35,83.47,126.43,58.36,34.81,342.91,342.73,314.5,289.52,404.51,179.66,281.57,386.79,654.62,634.29,149.6,241.1,356.14,622.6,602.21,29.49,24.96,21.24,16.28,18.9,6.2,4.11,2.49,4.96,11.62,3.32,3.46,2.37,2.81,2.61,2.5,2.07,1.4,6.18,5.89,4.19,4.62,3.09,4.26,4.21,28.57
"187",45060,44761,44367,42846,42430,93.86,93.93,95.86,93.04,91.1,69.59,70.48,68.02,63.58,70.91,9.91,1.46,6.24,6.9,3.15,11.67,9.5,8.29,12.76,10.2,71.77,69.47,74.27,72.8,76.41,9.45,1.37,6,6.48,2.93,138.29,76.59,124.59,105.67,117.54,6.95,3.32,7.17,6.27,7.26,157.66,131.52,149.57,146.54,170.08,162.26,134.19,154.44,149.52,172.5,61.63,74.52,64.75,66.88,57.97,12.69,1.89,7.87,8.84,3.98,932.98,1030.79,1056.47,1117.28,1320.82,132.9,21.35,96.84,121.3,58.66,166.84,123.51,124.25,80.27,40.62,271.58,215.92,216.2,373.05,360.38,258.85,203.11,203.27,357.7,353.31,11.68,7.93,7.67,4.25,1.99,1.26,5.79,1.28,0.66,0.69,0.94,0.84,0.8,0.94,0.45,0.46,0.24,0.06,3,5.13,1.27,1.14,1.05,1.27,0.61,6.08
"188",94962,96698,98120,103920,104921,89.9,90.29,96.49,93.21,64.52,42.73,49.73,51.43,48.07,56.91,12.36,8.12,13.88,6.02,5.18,15.49,14.78,15.33,14.79,37.84,55.71,53.98,52.96,57.39,60.07,12.2,8.06,13.4,5.64,3.35,146.85,118.51,112.34,81.51,104.29,8.76,11.51,7.41,3.99,10.89,153.15,165.59,159.02,155.26,117.46,160.63,168.46,166.56,159.23,117.81,62.25,59.36,60.04,62.8,84.88,15.62,10.78,17.4,7.09,6.19,457.52,588.26,731.18,592.65,747.87,132.37,96.1,197.3,74.17,68.11,140.4,151.3,154.27,131.2,201.43,300.58,325.81,397.52,334.66,908.68,276.36,317.54,369.19,320.22,893.43,11.79,11.55,10.47,9.92,9.89,1.06,1.57,0.78,1.77,2.96,2.4,0.81,2.05,1.75,1.25,3.11,1.56,1.2,6.65,5.02,3.11,1.09,2.62,2.23,2.3,18
"189",98334,98173,97662,97594,97179,82.85,92.76,90.05,92.2,80.18,55.19,60.42,59,60.56,65.95,13.21,8.53,9.89,2.19,1.95,23.09,13.74,16.26,12.67,24.29,63.64,63.38,61.74,58.67,62.73,11.03,8.12,8.92,2.05,1.57,130.17,112.08,119.68,75.07,84.74,7.53,4.67,4.91,4.38,6.15,131.4,140.93,137.58,129.22,98.31,134.91,148.67,142.36,133.49,98.2,74.12,67.26,70.24,74.91,101.84,15.26,9.89,12.68,2.17,2.38,587.96,725,815.16,898.04,1070.49,140.7,102.37,136.64,32.53,31.59,262.03,227.28,246.82,244.86,344.61,405.47,293.01,374.81,311.69,534.44,374.43,259.95,344.09,280.95,501.51,20.38,17.57,16.09,15.22,17.02,1.86,2.22,1.81,7.53,10.91,3.41,3.31,2.47,2.91,2.49,4.9,4.29,2.89,6.59,5.08,4.79,4.27,3.23,3.9,3.76,41.34
"190",60253,59793,59363,57688,57372,94.54,89.25,93.55,80.48,75.88,57.46,61.65,61.45,56.58,62.77,12.44,12.98,11.14,8.69,4.51,11.57,9,11.82,28.99,32.09,73.56,74.09,70.63,68.66,75.62,11.88,11.85,10.42,6.99,3.5,158.95,290.66,151.35,88.33,80.44,12.59,24.28,29.27,19.26,9.07,211.24,409.77,361.79,162.62,130.27,216.2,442.06,380.66,164.2,130.9,46.25,22.62,26.27,60.9,76.4,15.31,15.39,14.53,10.3,6.02,559.72,689.38,723.35,733.9,827.12,121.16,145.15,131.14,112.67,59.44,144.39,135.47,126.34,117.88,106.32,246.28,435.57,543.9,806.17,790.37,241.3,425.54,533.8,794.04,778.17,14.01,10.81,10.04,7.31,6.12,1.19,0.93,0.96,1.05,1.79,0.96,1.14,0.99,1.17,1.3,3.37,3.11,1.88,5.67,9.77,1.23,1.55,1.27,1.76,2.03,97.77
"191",117751,119306,120654,129733,130838,97.53,91.74,95.28,92.8,88.41,38.49,42.07,45.19,44.23,51.93,10.67,10.68,16.98,9.47,5.3,15.23,8.45,11.36,22.85,21.29,48.46,53.02,50.68,51.3,55.39,10.42,9.81,16.19,8.79,4.68,82.27,238.68,206.19,64.24,71.84,9.37,17.73,25.18,9.33,5.65,134.93,302.32,325.19,156.58,131.7,135,334.3,348.36,158.89,131.73,74.07,29.91,28.71,62.94,75.91,12.58,12.76,20.01,11.73,6.49,369.04,415.9,526.34,478.16,571.8,102.31,105.57,197.8,102.38,58.32,44.75,30.43,16.88,3.79,3.46,207.99,285.49,444.43,472.45,371.94,207.67,272.59,431.68,460.59,371.65,4.55,2.82,1.38,0.33,0.28,0.44,0.29,0.09,0.04,0.06,0.04,1.29,1.07,1.05,0.03,0.24,3.43,1.65,8.53,1.33,0.05,1.68,1.32,1.39,0.04,32.92
"192",34028,33738,33428,31965,31686,91.61,80.96,95.29,95.17,86.7,76.17,78.21,78.48,71.66,79.29,2.79,5.47,6.04,6.3,-1.38,12.6,15.78,9.45,12.37,17.56,71.67,73.12,69.37,66.52,66.83,2.56,4.43,5.77,6,-1.2,85.2,163.61,112.04,86.04,64.63,1.7,9.73,14.57,10.36,3.28,112.5,164.56,203.49,179.03,108.46,113.26,167.82,210.18,182.33,108.65,88.29,59.59,47.58,54.85,92.03,4.94,7.33,9.03,8.42,-1.91,1126.17,1322.86,1569.17,1723.94,2092.6,41.22,92.45,120.85,151.65,-36.54,64.83,50.27,127.8,120.38,158.56,247.39,517.83,424.64,593.51,632.75,234.75,502.71,411.95,580.25,619.37,4.02,2.41,6.09,4.76,5.21,1.57,0.54,1.06,0.79,-4.34,0.91,0.79,0.65,0.81,0.77,3.21,2.87,0.76,6.08,6.34,1.31,1.28,0.93,1.17,1.27,16.46
"193",30895,30658,30347,29163,28765,91.6,83.21,86.4,76.81,64.97,80.48,81.65,80.44,74.07,85.04,10.01,6.41,7.69,15.69,8.35,11.06,5.62,18.74,30.89,42.47,63.59,66.74,66.54,58.74,64.08,9.17,5.35,6.75,12.1,5.43,171.39,476.74,110.04,121.72,92.01,8.24,22.74,22.92,21.19,13.75,168.32,454.07,213.38,170.32,130.59,180.42,590.29,223.39,173.2,131.28,55.43,16.94,44.77,57.74,76.17,12.99,8.81,10.41,20.04,11.53,954.59,1036.13,1086.02,1318.25,1507.59,118.74,81.28,103.83,279.27,148.03,262.09,236.9,217.45,198.85,174.48,262.92,444.81,667.52,1189.22,1601.85,239.44,417.59,642.15,1161.78,1574.73,20.24,15.53,13.92,8.58,6.4,2.21,2.91,2.09,0.71,1.18,2.36,2.06,1.8,1.75,1.52,2.72,1.77,1.25,6.6,8.18,3.25,3.16,2.63,3.11,3.06,30.33
"194",45076,44667,44246,42293,41926,85.79,94.49,90.42,85.45,70.23,77.38,77.89,77.78,72.32,79.86,19.94,16.89,21.1,20.19,11.19,31.91,12.47,30.28,28.99,46.54,70.39,70.68,72.55,70.71,75.28,17.15,15.99,19.11,17.27,7.93,97.32,191.92,92.51,114.16,69.29,4.7,7.61,2.61,3.42,1.64,82.52,140.79,99.6,96.38,69.38,78.79,168.02,99.55,95.41,67.19,126.91,59.52,100.46,104.81,148.83,25.47,21.73,26.28,25.72,14.17,944.01,1034.52,1157.36,1243.55,1414.16,243.32,224.36,314.02,347.1,198.1,357.9,256.18,231.73,185.72,578.88,458.33,369.2,579.72,684.65,1018.23,360.66,264.21,507.64,534.68,920.05,25.17,18.23,14.08,9.23,22.96,1.47,1.14,0.74,0.54,2.92,7.21,7.7,4.47,7.88,4.32,1.36,1.25,0.63,4.65,1.87,10.73,10.34,6.19,11.66,7.67,4.97
"195",154054,154942,154988,158893,159163,95.26,90.67,95.89,95.17,91.95,51.53,56.25,56.3,54.36,62.73,12.71,10.55,13.93,8.9,3.1,14.67,10.17,13.07,10.4,14.4,62.74,66.37,66.13,62.41,61.52,12.11,9.59,13.36,8.47,2.85,117.9,205.84,140.82,132.21,72.67,6.98,16.37,17.91,16.89,9.78,134.25,227.25,220.37,248.58,165.93,140.43,261.39,244.36,277.07,173.34,71.21,38.26,40.92,36.09,57.69,15.22,11.9,16.55,10.27,3.6,531.39,614.69,695.94,705.67,898.9,131.08,115.24,172.21,115.52,44.37,122.04,126.5,94.59,65.96,39.58,245.19,318.89,422.71,406.48,431.14,217.28,289.2,390.84,380.18,404.88,11.27,10.5,7.34,4.84,2.54,0.93,1.1,0.55,0.57,0.89,2.83,2.58,2.53,2.25,1.93,2.25,1.14,0.79,6.64,9.52,3.44,3.35,3.04,2.82,2.49,9.82
"196",72906,72448,71978,69657,69297,91.68,75.43,77.16,86.96,66.77,68.39,69.9,67.85,66.9,74.17,15.99,6.87,9.83,8.03,5.13,12.35,23.11,29.27,22.7,39.86,65.35,66.63,67.37,67.43,69.12,14.69,8.62,7.6,6.99,4.32,211.67,140.89,105.68,85.23,87.29,17.1,20.25,18.44,17.51,14.96,230.3,187.67,159.87,153.12,113.32,257.51,195.91,164.05,157.84,113.7,38.83,51.04,60.96,63.36,87.95,19.87,13.33,13.38,9.3,8.7,755.35,803.28,864.18,955.8,1164.05,176.57,79.01,125.23,114.78,80.52,179.11,150,117.76,151.82,340.6,364.04,660.59,812.86,643.47,1150.69,336.74,630.35,779.65,609.14,1122.22,14.87,9.85,7.13,9.24,14.49,1.01,1.9,0.94,1.32,4.23,2.62,2.13,2.07,2.45,1.72,2.41,1.52,0.84,3.89,3.53,3.62,3.48,3.26,3.6,3.3,15.78
"197",79256,79427,79022,79827,79647,93.37,95,93.74,90.6,80.29,43.59,47.16,48.29,48.8,55.37,13.16,12.99,17.98,12.2,8.06,16.11,10.75,19.56,20.52,28.57,64.7,66.23,64.86,61.12,64.1,12.29,12.37,17.32,11.09,6.55,121.49,174.13,123.62,99.57,88.68,7.51,10.23,16.44,11.41,7.88,137.45,172.29,142.59,148.02,110.43,148.2,202.69,150.55,155.57,111.47,67.48,49.34,66.42,64.28,89.71,16.48,15.37,24.05,15.8,10.62,356.16,417.46,508.3,548.39,651.41,107.54,115.01,189.27,137.03,94.84,287.55,247.9,288.4,245.41,268.56,241.04,227.11,355.39,436.42,525.47,201.93,188.08,316.16,396.34,482.15,32.86,26.6,25.68,19.79,18.33,2.67,2.16,1.52,1.79,2.83,5.25,4.54,3.67,4.52,4.08,2.36,1.33,0.68,6.5,6.13,6.98,6.06,4.85,6.59,6.54,17.35
"198",88717,88624,88381,87470,87493,62.39,64.01,70.86,76.6,55.06,67.77,70.17,70.89,65.97,73.78,21.22,20.27,20.65,15.37,10.92,37.05,53.14,35.11,33.6,54.17,58.82,61.82,59.85,58.48,63.73,13.29,13.15,14.63,13.59,6.11,175.8,84.59,143.9,107.22,87.89,26.33,12.99,12.15,22.97,17.58,182.38,121.25,168.92,163.77,112.01,191.02,122.44,175.99,170.02,112.47,52.35,81.68,56.82,58.82,88.91,25.89,24.32,25.04,22.84,12.99,520.25,579.83,655.39,646.47,724.86,162.9,167.46,190.89,150.64,107.3,481.22,440.17,400.65,363.67,586.9,717.21,956.35,739.19,754.72,1203.08,679.87,914.8,698.46,713.56,1163.53,39.11,34.1,30.71,28.43,32.89,2.95,2.63,2.1,2.41,5.47,4.14,4.01,3.51,4.86,3.9,2.83,2.31,1.28,5.79,5.11,8.03,7.64,6.05,7.79,8.32,36.42
"199",72558,72091,71524,69121,68638,75.08,69.35,78.61,77.6,85.79,70.41,72.73,71.09,68.39,77.04,11.18,13.92,14.64,9.99,12.75,24.59,33.77,24.21,42.72,23.57,69.26,72.14,72.92,68.68,73.02,8.54,9.65,11.53,7.76,10.94,153.19,132.43,153.47,57.86,108.97,3.52,22.15,17.34,10.67,18.04,135.08,138,248.01,103.11,120.84,145.77,147.92,260.2,103.59,126.88,68.6,67.61,38.43,96.54,78.81,13.67,15.27,17.25,12.66,15.19,647.34,739.38,774.57,821.95,1016.79,102.79,141.53,159.47,120.02,168.26,242.51,252.41,229.95,251.05,350.23,469.31,776.52,797.44,959.03,553.48,388.17,660.01,772.98,835.85,450.57,19.8,17.22,16.59,16.21,22.76,2.36,1.78,1.44,2.09,2.08,7.05,8.2,1.96,8.82,7.91,2.13,1.45,1.16,5.32,5.36,11.18,14.23,2.9,13.45,11.01,6.35
"200",124241,124460,124171,126508,126636,92.19,89.29,92.34,95.08,91.22,52.09,54.6,53.94,56.03,62.25,9.73,10.61,13.79,2.34,0.26,13.73,18.4,23.31,10.78,14.83,60.69,63.19,62.95,59.08,62.24,11.27,10.44,13.11,2.6,0.47,126.68,112.13,84.28,63.64,56.97,8.05,11.17,20.19,12.6,11.88,117.43,130.32,114.65,185.87,114.14,122.4,135.6,116.14,212.29,116.05,81.7,73.75,86.1,47.11,86.17,13.45,13.44,17.09,3.75,0.91,592.54,657.14,738.84,777.71,907.22,110.74,127.68,188.95,32.5,3.84,414.31,430.38,631.07,569.01,683.39,246.71,371.14,453.56,398.25,327.98,200.12,328.92,416.98,347.84,293.69,33.57,31.93,42.54,38.98,42.77,3.74,3.37,3.34,17.51,177.95,4.54,3.62,2.84,5.59,4.77,2.29,1.53,0.88,5.48,6.14,5.75,4.72,3.52,7.23,6.28,20.36
"201",186460,189516,191905,210717,213419,92.11,92.15,92.01,90.2,91.96,37.97,43.53,44.61,41.81,49.69,15.59,12.03,15.33,8.02,5.59,21.51,14.44,13.57,23.71,17.24,51.74,51.52,51.4,51.76,55.4,14.48,13.67,19.2,9.38,5.2,104.42,138.44,180.62,66.08,72.89,5.78,10.28,18.71,7.48,4.41,126.21,173.52,205.27,126.68,101.38,127.13,175.16,230.05,129.03,101.56,78.66,57.09,43.47,77.5,98.47,17.55,16.96,24.18,11.85,6.66,536.9,657.26,764.81,646.33,777.65,220.48,181.69,262.85,124.04,87.45,338.14,327.69,322.03,254.37,283.01,427.35,397.63,578.19,609.11,350.97,415.83,392.63,524.51,570.19,312.55,22.03,20,17.28,14.84,16.63,1.53,1.8,1.23,2.05,3.24,1.4,0.78,3.13,3.25,3.51,2.96,2.39,1.44,6.61,7.51,1.73,0.99,3.84,4.13,4.37,86.79
"202",110987,110927,110504,109634,109631,91.99,91.59,97.18,97.87,84.69,53.95,52.31,52.4,51.58,52.47,8.84,8.62,10.1,5.77,0.28,12.6,15.53,10.13,11.71,20.67,66.73,65.71,67.18,62.22,67.35,9.02,7.95,9.82,5.71,0.32,133.56,105.95,128.25,63.58,70.62,6.15,6.38,9.89,5.61,3.67,127.84,124.55,159.37,120.75,78.05,131.45,127.88,172.02,124.14,74.22,76.07,78.2,58.13,80.56,134.74,11.35,11.42,13.23,6.8,0.63,570.42,620.68,659,692.79,737.51,93.5,102.27,127.01,77.54,3.87,306.34,306.51,316.73,328.37,419.59,200.61,282.02,246.42,235.73,334.99,182.59,254.97,219.28,208.37,271.14,26.65,23.66,24.48,23.93,25.28,3.28,3,2.49,4.23,108.52,2.39,2.66,2.42,3.14,5.53,3.07,2.44,1.3,4.79,6.68,3.21,3.62,3.03,4.09,8.06,52.2
"203",87183,86868,86374,84573,84212,86.81,87.53,91.97,82.85,88.95,74.02,75.55,74.58,73.2,78.65,7.98,-2.37,10.28,4.35,1.85,12.87,7.76,6.86,32.16,19.7,63.37,58.31,64.81,61.1,63.8,7.01,-2.07,13.9,3.6,1.65,170.56,137.84,287.75,55.25,59.29,9.85,10.41,20.05,5.28,4.1,173.69,213.94,368.38,94.23,78.41,183.55,238.1,429.96,93.87,76.85,54.48,42,23.26,106.54,130.13,9.7,-3.92,18.23,5.58,2.18,899.75,999.72,1082.28,1162.68,1338.87,97.05,-31.42,149.21,69.07,31.55,332.63,309.67,289.44,396.11,600.86,325.22,295.63,434.24,721.04,344.78,303.14,271.45,412.25,676.11,315.09,23.76,20.48,18.34,20.66,31.39,3.43,-9.86,1.94,5.74,19.04,2.18,1.92,1.63,3.25,3.1,2.52,1.59,1.27,4.4,4.93,3.07,2.61,2.05,4.73,4.11,38.03
"204",165039,166436,167112,177652,178714,96.66,93.97,91.62,88.23,86.76,33.86,36.83,39.46,35.54,43.86,11.82,12.71,22.14,15.15,2.57,11.09,16.1,21.71,25.75,34.45,42.39,43.49,45.56,45.46,46.2,11.51,11.94,20.34,14.02,3.13,138.94,114.17,144.89,96.82,34.83,5.3,6.6,14.91,20.64,11.7,139.19,129.12,164.1,150.34,77.29,149.87,132.54,167.43,154.02,75.98,66.73,75.45,59.73,64.93,131.62,13.71,14.58,25.04,18.19,4.26,359.16,421.36,527.11,453.71,561.49,125.41,145.37,295.8,193.43,32.87,43.76,38.91,106.2,168.15,459.38,206.65,276.47,498.01,606.08,535.98,174.87,253.97,482.99,578.65,498.07,3.99,3.2,7.28,11.62,31.13,0.35,0.27,0.36,0.87,13.97,3.01,1.89,1.05,2.24,3.47,2.95,1.25,0.29,2.97,2.89,3.59,2.3,1.29,2.92,4.64,4.06
"205",52676,52355,51859,49595,49231,75.39,82.04,80.45,84.03,75.74,75.2,78.86,75.11,70.15,76.63,15.78,1.17,3.43,5.05,-2.76,39.39,36.64,14.62,22.48,32.9,57.99,50.91,55.84,57.56,59.74,16.91,3.2,3.94,6.9,-1.62,88.48,40.35,167.69,87.34,58.09,9.58,12.69,18.11,14.19,6.37,136.09,65.58,197.91,163.62,90.47,139.89,60.85,239.64,163.62,90.47,71.49,164.34,41.73,61.12,110.53,29.41,5.66,6.3,10.28,-2.63,1091.76,1265.53,1246.02,1344.28,1531,229.06,18.82,56.88,96.85,-55.06,477.7,1015.44,908.23,949.69,1220.78,1195.14,684.24,774.27,863.47,910.9,1111.61,558.18,657.35,863.47,910.9,24.8,51.91,44.04,41.65,46.28,2.09,53.95,15.97,9.81,-22.17,5.03,6.98,6.42,2.46,3.18,2.8,1.02,1.69,5.9,6.87,8.95,11.77,9.96,3.6,5.16,16.02
"206",41721,41360,40919,39104,38849,94.34,85.29,93.14,97.97,81.4,85.57,87.27,85.76,80.58,87.64,10.86,7.32,10.61,9.89,10.58,6.25,10.5,21.15,9.19,22.44,54.76,57.19,61.59,57.09,61.21,10.49,6.33,9.91,9.77,8.62,283.79,226.05,74.99,131.19,129.26,11.78,19.72,12.92,11.26,15.04,235.74,274.4,152.51,189.18,172.98,310.07,312.75,157.87,225.99,172.98,32.25,31.97,63.34,44.25,57.81,13.46,8.54,13.22,10.97,12.68,1575.4,1712.73,1762.29,1936.51,2234.13,200.03,143.68,218.12,237.79,269.7,180.72,135.4,86.51,0,0,399.2,714.07,828.22,586.03,1140.73,339.28,667.17,777.88,495.51,1140.73,9.26,5.88,3.92,0,0,0.9,0.94,0.4,0,0,3.28,2.11,2.31,3.75,0,2.26,1.21,0.64,0,0,4.32,2.92,2.85,4.63,0,6.8
"207",51862,51817,51587,50512,50499,90.39,94.25,93.1,95.4,78.28,60.33,61.19,60.61,58.3,64.31,7.47,9.02,11.54,9.82,2.37,19.86,12.42,19.34,11.99,26.36,68.73,70.7,72,65.53,68.52,6.76,8.51,10.76,9.38,1.95,78.95,117.27,89.33,119.15,86.21,6.66,10.79,6.35,7.23,3.36,86.36,128.09,115.53,127.11,95.98,84.09,137.09,118.76,135.6,95.52,118.92,72.95,84.21,73.75,104.69,9.52,11.88,14.75,13.16,3.37,950.27,1062.9,1137.76,1298,1473.01,117.64,156.68,216.69,218.59,54.4,838,882.73,857.39,861.18,902.46,363.87,378.87,555.5,456.74,857.63,303.71,307.08,472.92,371.02,764.56,48.09,47.9,42.53,36.9,30.84,7.12,5.63,3.96,3.94,16.59,4.91,5.1,4.84,5.61,5.75,3.03,2.51,1.76,5.24,8.34,7.15,7.03,6.59,7.81,9.71,42.2
"208",152190,152237,151913,151181,151203,79.14,75.98,81.92,88.27,81.38,66.45,68.59,68.3,66.67,67.06,23.02,23.22,25.29,19.86,16.08,35.03,26.27,32.99,36.71,33.79,62.02,60.99,59.14,58.51,66.04,18.23,17.65,20.73,17.87,13.09,118.96,200.47,128.75,71.34,90.96,18.61,33.51,36.72,22.54,20.34,148.76,248.74,218.9,157.84,145.2,152.97,268.37,227.56,160.48,146.95,65.37,37.26,43.94,62.31,68.05,30.04,29.89,33.17,26.72,20.26,654.91,739.52,843.5,856.47,869.96,226.84,250.37,312.29,255.15,208.57,120.41,81.45,48.55,21.5,66.14,660.95,830.39,1066.68,985.43,837.76,625.63,791.47,1033.6,958.14,816.27,9.67,5.74,3.22,1.48,4.15,0.53,0.33,0.16,0.08,0.32,3.03,2.83,2.23,2.01,1.41,1.97,1.59,1.04,8.96,1.56,5.01,4.88,3.52,3,2.16,6.71
"209",81265,81402,81253,80427,80471,84.41,69.37,86.29,74.16,73.74,60.86,62.84,61.48,57.66,64.4,22,13.99,19.21,13.33,17.24,10.61,27.35,30.12,43.91,35.6,37.96,36.69,37.49,34.67,41.91,18.6,9.73,16.63,9.93,12.97,436.99,179.64,100.78,71,115.48,27.23,36.31,37.47,11.45,16.56,316.22,237.67,208.44,121.48,149.07,448.27,261.7,224.7,122.76,149.07,22.31,38.21,44.5,81.46,67.08,25.66,16.16,21.66,15.84,20.04,463.42,478.3,507.31,533.05,597.89,167.56,106.52,158.52,123.23,160.03,123.05,82.96,36.92,1.52,0,359.18,687.82,688.73,807.4,633.35,316.11,644.82,645.66,770.1,633.35,13.64,7.56,3.86,0.12,0,0.73,0.78,0.23,0.01,0,5.09,4.02,4.54,3.03,0,2.34,1.33,1.03,30.2,0,7.03,6.68,5.92,4.86,0,6.67
"210",52077,51744,51250,48817,48418,87.8,76.89,90.41,88.47,63.94,72.9,76.39,75.07,69.26,76.63,13.54,12.68,10.96,9.93,-0.33,20.38,23.11,22.74,17.43,40.77,67.57,70.84,69.84,67.89,68.84,11.89,9.75,9.91,8.8,-0.21,123.94,162.81,82.29,120.76,81.18,8.33,18.14,15.49,16.12,5.43,139.92,184.66,165.35,189.26,103.06,142.88,189.85,165.35,195.81,103.07,69.99,52.67,60.48,51.07,97.02,16.29,14.47,13.44,12.01,0.89,870.21,1000.34,1075.28,1138.81,1293,161.57,165.99,156.99,163.29,-5.57,334.12,315.21,318.24,311.16,434.14,397.08,673.68,620.75,635.12,1204.44,377.49,652.61,620.75,612.18,1200.92,24.58,18.51,20.09,16.74,16.45,2.07,1.9,2.03,1.91,-77.87,2.2,1.64,0.28,2.38,1.08,3.09,2.17,1.4,6.85,5.74,3.02,2.58,0.37,3.26,2.01,52.73
"211",85024,85001,84621,83494,83246,88.66,82.87,83.53,83.58,76.86,57.61,61.66,62.18,60.01,67.84,10.35,9.92,12.94,9.2,10.27,7.65,20.41,17.49,21.68,30.2,70.27,69.45,69.54,66.23,66.76,9.24,8.24,17.76,7.85,7.95,311.5,132.41,176.91,114.77,104.02,23.26,24.21,30.62,34.21,26.39,401.47,226.46,314.42,259.69,193.35,453.08,229.69,320.62,262.83,194.38,22.07,43.54,31.19,38.05,51.45,11.96,11.64,24.89,11.43,12.87,564.88,687.43,770.86,814.27,1064.19,101.53,110.64,160.44,124.83,161.12,50.69,44.11,37.69,31.48,24.84,342.57,598.16,740.39,903.23,1190.56,330.1,591.56,733.77,896.52,1183.83,4.58,3.28,2.54,1.94,1.22,0.5,0.4,0.23,0.25,0.15,1.29,0.57,0.48,0.51,0.43,3.48,2.41,1.49,4.76,8.06,1.67,0.8,0.67,0.73,0.69,14.14
"212",53992,53617,53008,50795,50351,71.62,61.26,70.52,88.78,74.61,67.43,71.54,69.04,65.33,74.62,11.71,7.03,8.41,8.5,0.84,36.38,35.91,37.75,22.29,33.23,64.06,62.95,64.77,61.51,59.89,8.4,4.32,5.95,7.55,0.63,101.66,134.9,90.38,80.52,70.66,8.16,12.92,17.8,18.69,7.49,120.8,140.85,128.38,158.9,113.05,122.32,143.59,130.43,166.21,113.6,81.75,69.64,76.67,60.16,88.03,16.24,9.74,11.47,11.36,1.7,698.3,825.84,853.09,945.53,1202.38,121.31,81.2,103.92,122.97,13.51,417.76,380.33,471,544.73,617.41,677.9,903.81,944.8,678.57,936.75,639.63,863.46,895.27,631.37,903.34,28.89,20.18,26.88,33.42,28.59,3.44,4.68,4.53,4.43,45.71,3.5,2.64,3.25,4.72,3.62,2.94,2.49,1.57,5.45,7.26,6.63,6.16,6.26,7.47,7.17,32.07
"213",39766,39547,39168,37850,37639,85.35,94.06,95.51,97.8,70.72,73.67,76.45,76.53,70.38,78.33,14.78,14.63,16.24,11.15,3.03,16.45,16.93,10.75,11.55,37.57,68.42,68.03,67.55,60.73,67.69,12.62,13.76,15.51,10.92,2.15,190.32,120.36,207.57,115.38,76.12,14,14.6,17.25,19.57,8.88,184.47,178.95,251.13,249.72,109.07,197.71,189.24,279.26,272.44,109.23,50.58,52.84,35.81,36.71,91.55,17.93,18.24,20.55,16.07,3.79,866.94,1040.97,1144.67,1267.1,1393.3,173.95,199.14,242.97,200.66,53.94,106.69,76.4,48.51,18.49,127.53,421.48,479.22,449.67,600.93,1152.54,390.53,448.34,421.56,569.23,1133.94,7.74,5.28,3.1,1,5.07,0.61,0.38,0.2,0.09,2.36,2.51,2.29,1.85,1.87,0.85,3.48,2.96,1.9,14.39,2.26,3.66,3.07,2.41,2.54,1.55,12.01
"214",117783,119503,120932,132642,134107,93.29,89.93,92.66,90.87,91.53,40.71,43.48,44.33,45.96,51.93,13.08,10.06,16.04,6.05,2,19.74,15.31,13.07,17.67,17.45,42.36,42.46,41.12,38.61,42.5,12.48,9.45,17.17,7.88,1.88,94.89,130.79,189.73,79.87,54.33,9.63,10.19,12.86,21.21,13.87,116.24,157.87,245.35,165.27,148.81,118.97,169.7,257.84,168.6,153.29,84.05,58.93,38.78,59.31,65.23,15.54,12.14,21.38,10.59,2.38,551.24,621,731.98,728.75,848.39,177.14,143.76,264.82,96.02,32.73,127.41,78.1,59.26,188.48,222.46,392.81,441.46,555.49,555.4,550.01,344.25,394.02,537.58,539.06,518.94,8.78,4.92,3.33,10.8,12.46,0.72,0.54,0.22,1.96,6.8,3.46,3.07,1.04,1.1,2.42,1.27,1.65,0.91,1.53,5.48,4.3,3.96,1.29,1.48,3.3,3.32
"215",66037,65641,65129,62426,62132,80.71,77.44,86.21,78.17,72.09,71.75,75.51,74.85,72.4,80.3,6.89,4.26,6.25,4.99,1.86,25.11,23.46,20.71,29.74,33.49,71.02,71,71.48,68.73,70.36,5.57,3.3,5.43,3.91,1.44,98.64,113.86,90.85,81.85,82.12,6.4,13.58,14.7,9.35,7.42,45.17,130.24,150.13,111.85,99.98,-32.45,132.14,151.84,112.79,99.97,-308.21,75.68,65.86,88.66,100.03,5.77,6.32,8.78,6.04,3.05,762.97,889.64,988.49,1087.82,1291.77,73.28,50.24,82.56,74.91,29.98,502.65,579.57,630.72,712.49,864.47,362.14,478.41,502.11,729.52,833.48,-107.69,456.76,491.12,681.46,794.8,38.15,38.09,41.17,37.07,38.74,6.86,11.54,7.64,9.51,28.83,36.71,2.28,1.31,4.49,4.31,2.74,2.25,1.45,5.38,6.64,54.7,3.53,1.82,7.14,7.31,2.93
"216",247288,251276,253856,272237,274522,87.99,79.75,82.28,85.1,88.8,45.32,48.6,48.34,49.02,55.38,15.63,13.93,19.05,9.49,7.78,23.18,24.11,27.98,32.28,21.76,47.33,48.28,48.87,47.08,52.12,13.76,11.11,15.76,8.15,6.92,115.02,143.87,129.09,62.58,79.53,9.22,19.37,13.66,4.69,9.52,122.48,160.94,177.66,123.21,110.83,126.11,168.99,186.03,124.65,111.82,79.3,59.18,53.75,80.22,89.43,19.37,17.02,23.49,11.27,10.32,394.31,457.58,515.15,498.78,585.29,135.99,131.17,203.03,96.52,82.25,263.93,295.8,311.42,263.13,327.3,315.01,468.93,659.55,574.39,327.77,279.26,434.94,623.42,547.12,303.07,26.69,25.06,24.04,22.01,27.5,1.94,2.26,1.53,2.73,3.98,4.25,3.33,3.07,3.38,3.85,2.38,1.79,1.17,4.97,6.44,5.97,5.22,4.46,4.98,5.18,17.54
"217",74094,74283,74107,73579,73466,80.89,91.3,95.71,86.81,75.89,67.03,69.01,68.06,67.2,73.52,8.16,9.66,12.7,9.06,6.39,26.38,5.34,4.78,23.75,22.69,61.64,62.22,61.56,59.79,61.19,6.69,8.89,12.18,7.87,4.86,96.57,376.73,391.5,85.64,138.92,3.59,14.15,20.75,11.62,20.58,100.59,300.55,497.87,159.79,206.98,100.64,404.43,684.68,161.92,212.36,99.36,24.73,14.61,61.76,47.09,10.58,12.22,15.82,12.27,8.22,838.56,945,1032.15,1117.26,1341.76,102.09,132.25,192.56,150.63,116.71,158.24,121.72,93.11,90.57,79.12,447.92,318.14,486.75,779.32,1090.15,414.43,282.02,455.51,762.53,1064.94,10.23,8.12,5.88,4.73,3.29,1.55,0.92,0.48,0.6,0.68,2.37,2.55,2.02,1.14,1.31,2.04,1.71,0.86,5.48,7.85,3.72,3.54,2.63,1.68,2.16,9.66
"218",36222,36026,35724,34593,34387,87.19,90.71,82.45,87.14,65.47,69.62,73.14,72.31,63.44,73.63,7.54,10,9.64,14.89,6.07,17.69,17.96,19.79,23.67,41.48,70.54,72.01,69.92,69.62,72.74,7,10.39,7.98,13.02,3.98,111.87,102.72,138.71,112.3,88.34,11.43,12.33,16.06,16.18,5.91,142.04,146.12,180.58,166.14,113.2,146.29,151.2,187.34,170.36,113.57,68.36,66.14,53.38,58.7,88.05,11.95,14.2,13.91,19.07,6.98,688.09,812.51,865.63,897.95,1044.61,74.53,111.09,115.42,210.76,86.13,281.46,297.7,277.82,263.06,238.46,307.17,355.08,522.48,660.33,1098.72,287.29,330.93,500.08,636.49,1072.55,24.83,24.31,19.14,16.2,11,3.78,2.68,2.41,1.25,2.77,2.52,2.62,1.88,2.44,2.25,3.08,2.65,1.78,5.97,9.47,3.78,3.86,2.97,3.55,4.34,43.56
"219",38688,38337,37908,36065,35665,87.57,90.06,92.61,84.86,72.71,76.62,75.76,78.46,72.81,80.3,8.86,14.4,7.7,9.01,5.12,17.49,20.25,11.34,25.17,32.34,69.41,70.98,70.29,63.22,74.73,7.85,13.06,7.33,7.78,3.73,119.3,117.03,132.88,87.72,94.05,9.23,15.01,18.96,12.41,13.17,131.01,146.03,216.8,130.25,119.92,134.44,149.81,246.73,133.19,121.46,74.38,66.75,40.53,75.08,82.33,10.93,17.26,11.74,12.45,6.43,918.15,1083.59,1148.61,1358.1,1388.69,106.21,206.01,112.78,168.02,88.52,335.35,396.39,402.75,451.09,540.28,336.94,491.29,470.65,815.92,1013.36,311.29,465.78,426.36,760.5,952.61,24.51,24.96,25.48,20.52,22.72,3.16,1.92,3.57,2.68,6.1,2.41,1.92,3.01,3.6,3.85,2.18,1.25,0.81,5.25,5.72,3.53,2.71,4.07,5.81,6.55,28.49
"220",75787,75616,75068,75543,75235,86.85,77.28,76.45,97.44,91.7,51.85,56.99,57.76,58.06,68.58,6.62,6.53,8.77,4.11,2.05,19.59,15.09,27.41,14.49,9.06,62.77,65.38,63.7,62.2,57.62,5.77,5.05,6.71,4.01,1.88,95.68,216.36,114.89,41.46,113.68,2.56,15.57,11.79,9.23,6.44,91.12,202.06,162.41,151.01,160.26,90.28,217.28,166.5,158.29,171.97,110.76,46.02,60.06,63.17,58.15,8.26,8.32,11.48,5.3,1.82,533.31,658.08,770.86,827.68,1226.46,68.07,75.43,117.03,58.62,36.58,522.76,530.45,501.24,462.05,427.09,233.31,445.23,795.4,399.8,333.97,211.24,416.62,765.29,366.71,300.07,44.14,35.5,28.72,31.58,21.9,7.68,7.03,4.28,7.88,11.68,2.75,2.35,2.01,4.1,3.27,2,1.24,1.01,5.82,6.99,3.93,3.87,3.26,5.33,5.01,47.47
"221",90054,89632,88942,87000,86416,90.1,92.43,94.45,91.54,83.48,62,64.8,65.52,64.28,70.77,6.49,7.97,6.22,3.25,-0.51,23.79,7.79,9.89,12.16,10.1,68.96,70.38,68.48,67.57,69.89,6.09,7.49,6.06,4.94,0.7,59.87,207.9,117.49,93.27,170.86,3.27,9.64,14.37,10.64,14.08,68.24,217.07,179.44,175.78,229.01,67.42,234.22,194.98,186.8,249.42,148.31,42.69,51.29,53.53,40.09,10.11,8.36,9.83,6.96,0.9,628.54,752.11,799.22,842.15,1018.91,65.81,92.52,75.83,42.57,-7.31,300.49,288.68,332.69,314.58,291,207.18,224.55,269.39,353.27,431.04,199.57,211.33,244.82,327.74,405.33,26.7,22.99,25.76,21.98,16.87,4.57,3.12,4.39,7.39,-39.82,1.23,1.53,2.2,3.19,2.91,2.09,2.08,1.15,6.4,8.41,1.74,2.16,2.97,4.59,4.43,82.53
"222",45679,45291,44723,43311,42804,93.32,96.39,93.86,98.8,91.75,50.53,52.65,49.82,44.89,49.23,5.76,4.04,7.66,5.18,-4.06,11.48,2.05,13.06,5.6,9.43,68.81,69.25,72.55,71.09,68.93,5.4,3.93,7.22,5.5,-2.28,105.67,388.7,102.37,113.57,45.57,2.87,6.25,9.12,8.19,3.1,121.18,256.48,132.77,219.19,98.16,125.14,423.48,135.9,247.24,97.84,79.91,23.61,73.59,40.45,102.2,7.7,5.64,9.82,7.11,-3.26,787.64,909.47,940.52,965.71,1179.29,89.76,69.86,144.62,111.46,-97.18,327.57,292.66,360.31,343.23,388.69,274.09,183.66,380.8,327.84,298.78,238.41,146.69,355.82,299.35,253.98,19.61,16.33,17.91,15.76,14.89,3.65,4.19,2.49,3.08,-4,2.79,2.53,1.48,2.18,2.82,3.32,2.85,1.32,5.52,7.41,3.96,3.57,2.01,2.79,3.96,30.52
"223",94135,93544,92493,87450,86635,93.21,91.98,97.84,99.04,95.78,67.34,71.81,70.58,69.66,73.95,7.29,7.81,8.42,3.62,4.19,12.46,12.08,5.9,9.9,5.43,62.4,63.9,63.37,61.88,65.04,6.93,7.73,8.3,4.09,4.12,110.47,130.43,184.98,43.3,156.37,10.8,13.26,16.19,8.26,9.16,158.37,180.51,324.46,169.06,242.72,169.16,195.16,388.05,178.75,273.96,59.12,51.24,25.77,55.94,36.5,9.53,11.54,11.15,5.5,5.58,719.72,852.09,918.29,1001.87,1168.34,77.95,92.63,109.54,52.01,66.12,181.51,183.3,164.2,152.29,134.72,264.67,320.7,311.27,293.72,256.89,238.58,293.34,290.09,272.34,237.88,15.83,14.21,12.35,10.49,8.17,2.33,1.98,1.5,2.93,2.04,2.65,2.34,1.74,2.14,1.82,2.35,1.52,1.21,6.34,8.19,3.75,3.46,2.31,2.88,2.47,16.34
"224",65644,65266,64714,62000,61462,97.82,97.6,97.34,96.69,93.3,65.76,68.85,67.46,66.27,71.93,-4.33,5.3,6.85,-0.13,0.7,16.78,4.2,5.11,6.32,8.24,60.81,65.89,66.25,60.97,65.78,-2.92,5.28,6.72,-0.1,0.7,-9.98,187.04,190.97,48.73,88.41,0.76,3.62,6.7,1.64,0.01,-0.06,177.88,210.85,121.3,100.07,-279.7,189.37,237.22,125.05,100.08,-35.75,52.81,42.16,79.97,99.92,-0.6,5.45,9.25,-0.13,1.46,776.01,896.6,935.12,1040.63,1204.68,-51.08,68.96,94.91,-2.04,11.77,1263.99,1219.74,1164.63,1146.32,1105.62,-0.58,110.28,181.47,151.26,158.83,-694.25,102.3,164.93,132.61,149.45,104.77,91.41,81.79,70.58,61.59,-24.75,17.69,12.27,-560.97,93.92,62.11,2.27,2.2,2.84,2.59,4.4,1.83,1.27,2.39,3.36,78.08,2.99,2.78,3.85,3.58,8.02
"225",63857,63580,63017,60082,59743,88.4,90.44,94.95,99.52,85.56,53.8,57.46,57.47,56.43,66.68,3.7,8.84,14.71,9.94,-0.34,22.81,13.03,14.09,4.71,15.36,62.74,66.21,68.35,65.84,66.73,3.28,8.13,17.18,9.9,-0.29,59.09,142.06,143.19,233.86,90.82,6.1,14.11,23.5,25.34,16.96,101.42,159.25,200.22,431.07,191.01,101.48,170.28,220.55,671.37,208.83,98.54,58.73,45.34,14.89,47.88,5.35,12.27,23.49,13.58,-0.79,390.05,451.62,520.51,583.74,704.75,26.82,69.46,133.25,102.83,-3.58,243.3,271.57,319.69,301.85,265.86,218.81,202.81,305.2,342.92,439.68,209.41,182.83,279.49,309.46,401.98,29.67,31.25,33.51,29.04,21.52,9.07,3.91,2.4,2.94,-74.26,1.95,3.09,3.18,4.32,4.91,2.71,2.54,1.46,3.79,8.64,2.9,4.54,4.32,5.87,7.56,70.13
"226",42692,42680,42477,42246,42081,96.12,88.65,94.31,97.78,73.36,69.94,71.26,70.48,65.41,74.75,6.29,12.67,9.8,10.7,5.4,8.04,5.52,14.98,12.62,37.49,62.07,65.51,66.2,66.77,71.81,6.46,12.23,9.93,10.46,4.47,125.98,499.62,99.62,100.57,73.55,8.79,23.6,22.32,19.59,10.27,174.72,484.8,234.24,238.34,105.65,194.52,622.17,248.95,255.35,105.81,51.41,16.07,40.17,39.16,94.51,9.85,13.04,14.56,15.17,8.59,816.24,942.96,979.28,1003.65,1161.17,73.35,167.61,136.12,164.17,83.93,140.24,116.2,92.56,68.73,263.29,211.31,443.83,573.96,529.8,956.91,185.96,419.74,549.76,505.47,932.49,11.55,7.78,6.28,4.38,12.43,1.91,0.69,0.68,0.42,3.14,2.35,1.73,1.71,1.85,1.37,2.27,1.55,1.04,6.92,1.72,3.11,2.52,2.2,2.33,2.25,12.54
"227",136393,135524,134166,129856,128644,85.03,79.49,94.66,98.67,82.92,69.99,73.82,73.44,71.16,75.18,7.21,6.7,11.05,3.39,5.3,27.64,21.39,11.9,15.77,19.47,65.23,65.11,65.19,60.86,65.57,6.43,5.33,10.53,3.63,4.68,70.02,127.98,138.96,26.19,113.08,5.38,13.75,20.22,17.53,19.21,100,136.08,233.13,121.67,168.84,100,139.87,252.97,124.57,175.75,100,71.5,39.53,80.27,56.9,9.22,8.78,12.81,5.62,6.89,689.98,816.41,917.58,970.98,1105.85,71.12,74.05,138.09,46.28,78.01,391.52,443.83,463.23,627.23,690.25,388.36,422.28,402,340.56,625.84,349.51,392.77,379.64,307.45,592.03,33.77,31.9,35.1,45.36,38.91,5.51,5.99,3.35,13.55,8.85,4.14,2.71,2.12,4.35,4.54,2.34,1.85,1.21,4.3,6.77,6.03,4.34,2.84,5.6,6.69,23.61
"228",64411,64167,63579,61768,61468,80.01,91.42,94.33,93.74,87.91,71,72.95,71.31,67.53,77.16,6.31,8.84,7.58,7.79,4.11,26.16,7.63,8.5,11.4,16.99,66.92,69.91,69.2,67.19,69.48,5.11,8.17,7.46,7.41,3.8,94.27,241.93,158.34,121.95,90.99,3.23,11.87,14.54,14.28,9.86,110.36,237.94,243.86,214.76,153.71,111.02,268.21,279.54,228.4,157.15,90.07,37.28,35.77,43.78,63.63,9.95,8.61,12.01,10.83,5.36,696.28,793.59,810.66,866.83,1063.82,61.87,96.14,86.18,100.01,56.63,131.35,117.2,90.71,75.28,58.32,382.09,237.8,297.03,365.91,442.67,361.45,219.82,272.82,347.82,425.33,10.72,9.85,7.53,5.5,3.72,2.12,1.22,1.05,0.75,1.03,2,1.73,2.14,1.68,1.43,2.98,2.25,1.72,6.55,8.66,3.17,2.45,2.82,2.32,2.07,18.96
"229",123487,123813,123399,120808,120821,93.33,92.69,92.46,90.36,87.37,48.35,52.14,51.28,51.05,59.41,11.86,11.3,15.73,10.45,4.9,11.07,15.68,17.46,19.46,18.04,54.47,56.7,58.03,57.47,56.99,11.31,10.49,15.27,9.53,4.32,173.29,116.36,134,97.58,92.52,20.62,21.66,24.37,21.79,17.9,286.6,234.75,243.82,211.42,197.92,301.41,241.68,247.88,211.42,197.92,33.18,41.38,40.34,47.3,50.53,14.07,13.8,19.52,12.32,6.51,325.64,359.55,398.64,433.74,551.67,79.87,77.94,122.27,88.78,45.53,9.8,3.9,0,0,0,228.51,280.74,347.35,388.67,384.58,222.65,274.89,343.43,388.67,384.58,1.36,0.52,0,0,0,0.12,0.05,0,0,0,0.86,0.8,0.47,0,0,3.23,3.25,0,0,0,1.08,1.05,0.59,0,0,5.39
"230",55325,55091,54457,52186,51642,92.44,77.85,89.7,91.1,85.17,67.64,71.46,70.86,65.21,74.39,3.39,6.59,9.19,4.4,2.68,9.42,25.49,15.22,12.41,21.82,66.55,68.65,66.91,64.96,68.87,3.97,5.9,9.06,4.94,2.44,115.07,109.64,126.88,104.6,73.97,1.86,9.05,14,13.13,8.05,88.02,95.67,134.14,129.87,104.66,80.03,94.78,148.36,149.03,105.45,124.95,105.5,67.4,67.1,94.83,6.49,9.08,13.31,10.03,2.96,666.23,780.37,885.1,902.16,1138.11,33.4,71.93,114.82,60.9,40.95,367.84,431.07,436.29,430.99,475.59,145.19,402.61,386.75,399.43,508.84,79.23,330.82,301.98,279.27,438.18,34.52,30.73,31.33,28.38,26.48,11.01,5.99,3.8,7.08,11.61,6.96,5.46,6.4,9.38,5.56,2.23,1.11,0.99,5.16,6.13,9.86,9.35,9.42,13.19,8.77,12.44
"231",74460,74171,73770,71849,71454,93.03,94.64,94.34,92.18,86.81,59.83,62.47,61.85,58.67,66.6,4.77,6.03,9.05,4.61,0.48,13.5,11.78,10.59,11.33,18.06,61.76,63.26,63.41,60.36,62.45,4.5,5.94,8.99,4.31,0.62,82.53,93.23,139.78,107.43,71.45,3.64,6.42,11.39,7.73,4.04,92.84,96.53,156.36,152.71,96.1,90.61,95.63,170.99,168.77,95.66,110.36,104.57,58.48,59.25,104.54,6.62,9.05,11.14,6.33,1.3,611.95,702.02,769.49,808.54,997.45,48.75,67.81,112.65,63.6,7.22,211.77,258.13,279.84,236.16,284.94,185.13,171.64,263.85,334.67,350.82,137.71,134.83,229.08,283.5,314.33,19.26,21.74,21.22,15.8,16.52,4.34,3.81,2.48,3.71,39.45,4.79,3.54,2.94,4.39,3.25,2.5,2.04,1.45,6.12,6.89,6.47,4.71,3.86,5.96,4.62,11.15
"232",21799,21576,21382,20854,20702,87.07,74.49,80.17,88.95,48.98,71.63,69.78,70.54,61.21,70.37,8.9,6.55,6.67,12.92,2.13,12.32,26.06,25.12,24.14,56.43,60.35,66.81,67.86,66.67,69.57,7.79,4.88,5.35,11.52,1.05,185.61,123.88,100.28,91.47,83.88,10.78,13.6,5.95,15.84,5.69,177.41,148.59,108.02,115.08,96.01,196.71,153.33,108.81,118.56,95.87,50.84,65.22,91.9,84.34,104.31,7.89,10.34,9.93,16.43,2.8,1293.87,1216.27,1342.49,1389.82,1613.62,160.84,114.15,127,293.3,48.95,804.08,768.47,806.12,968.98,1255.59,512.39,936.06,706.6,891.25,2892.95,454.73,880.05,648.42,745.98,2785.93,38.76,32.84,33.96,37.95,26.82,5,6.73,6.35,3.3,25.65,3.98,3.14,2.93,7.57,3.94,3.09,2.26,1.4,4.96,6.18,7.02,5.83,4.96,11.07,10.4,43.04
"233",65652,65523,65129,63776,63416,94.05,84.11,93.88,84.41,76.87,74.65,78.18,77.93,73.79,81.04,11.37,13.53,13.62,12.43,7.84,11.24,19.65,15.61,31.11,27.7,71.36,70.1,66.96,69.02,73.95,10.72,11.39,12.8,10.51,6.41,157.58,153.29,126.07,78.15,107.39,10.59,17.15,20.15,9.93,10.58,193.85,193.13,229.54,129.33,138.33,200.36,196.44,234.4,129.77,138.97,49.91,50.91,42.66,77.06,71.96,14.29,17.31,17.91,15.04,10.18,730.52,874.54,999,987.89,1094.13,111.22,151.29,174.64,166.43,105.8,79.51,71.27,64.03,57.55,49.99,227.68,473.07,487.65,694.71,670.51,220.06,464.67,479.97,686.87,662.62,7.64,5.36,4.69,3.63,2.85,0.71,0.47,0.37,0.35,0.47,0.93,0.72,0.62,0.74,0.68,2.58,1.61,1.23,6.68,8.17,1.23,1.09,0.85,1.1,1.09,26.95
"234",135348,135282,134612,133088,132691,79.23,89.22,91.94,93.68,89.58,61.37,66.01,63.89,61.88,68.01,11.35,8.8,12.04,5.49,6.04,29.9,6.11,10.45,15.63,15.42,67.08,62.71,67.88,68.15,70.18,9.05,7.86,11.1,5.9,5.44,99.32,351.89,202.81,69.93,103.15,7.05,16.41,26.42,21.82,18.86,123.53,409.95,380.1,233.06,222.87,123.53,409.95,380.1,233.06,222.87,80.95,24.39,26.31,42.91,44.87,13.59,10.45,14.86,7.48,6.99,586.03,745.75,733.54,723.28,905.38,108.39,99.38,138.26,64.21,80.38,0,0,0,0,0,446.09,274.88,447.77,476.82,508.31,446.09,274.88,447.77,476.82,508.31,0,0,0,0,0,0,0,0,0,0,0,0,0,0,0,0,0,0,0,0,0,0,0,0,0,0
"235",120462,120097,119240,116665,116192,92.68,89.51,93.66,85.04,80.3,73.68,78.07,76.3,72.32,76.09,10.97,10.92,9.59,10.7,7.19,14.02,13.17,11.4,27.08,20.96,59.92,59.87,59.46,57.94,60.21,10.18,9.78,9.02,9.27,5.88,129.98,167.6,140.72,85.34,128.88,9.55,16.83,17.21,7.59,10.62,159.96,227.64,234.33,125.03,149.04,172.23,250.01,258.04,126.91,153.75,58.06,40,38.75,78.8,65.04,13.71,12.49,13.91,14.42,9.29,1008.63,1235.22,1247.11,1372.23,1525.5,150.18,172.84,156.8,203.08,144.08,369.83,333.4,302.22,261.71,215.35,383.04,571.96,523.96,845.64,805.95,342.36,534.49,490.42,798.5,758.61,25.04,18.86,17.32,11.73,8.63,2.46,1.93,1.93,1.29,1.49,3.52,2.56,2.16,2.88,2.75,3.07,2.34,1.36,6.52,9.91,4.73,3.73,2.93,4.44,4.37,27.91
"236",113730,113226,112352,109796,109262,89.64,90.74,87.18,88.37,87.73,71.45,74.68,73.15,71.04,75.43,10.32,9.38,10.11,6.08,3.83,17.49,13.27,18.8,20.88,18.52,65.34,67.02,70.31,69.22,71.28,9.3,8.54,9.1,5.46,3.57,115.09,141.11,119.23,77.64,81.51,10.11,11.37,11.58,7.5,3.04,148.53,173.34,156.34,116.47,104.29,159.3,190.33,163.84,118.23,104.81,62.78,52.54,61.03,84.58,95.41,13.11,11.95,12.74,7.33,4.74,777.48,916.42,940.51,976.84,1141.51,112.35,115.05,130,83.64,57.99,286.34,248.18,214.5,237.71,235.21,375.47,363.43,473.96,439.4,386.96,329.57,324,438.36,402.97,346.69,23.59,18.35,14.54,15.28,13.64,2.55,2.16,1.65,2.84,4.06,4.45,3.27,2.58,3.13,3.3,2.85,1.95,1.15,5.16,7.09,6.26,4.6,3.58,4.35,4.48,17.8
"237",62389,62196,61836,61481,61282,89.15,87.11,82.86,92.16,76.59,74.91,74.23,72.93,66.88,78.06,10.2,17.21,17.39,15.32,8.48,17.34,16.93,15.86,27.13,33.83,57.86,68.61,68.45,68.26,66.18,10.38,15.37,14.91,14.12,6.51,118.74,189.66,244.49,75.56,83.47,4.96,20.3,34.65,18.83,7.86,127.45,196.3,334.42,185.14,134.8,129.57,209.15,368.57,191.48,136.49,77.18,47.81,27.13,52.23,73.27,17.33,22.1,22.56,19.89,10.69,611.98,611.13,652,646.78,806.8,83.3,141.7,155.46,148.12,87.66,160.2,182.34,163.12,141.39,118.45,211.25,309.21,533.35,606.37,683.38,199.37,290.66,513.07,583.7,659.98,17.48,19.29,15.12,13.48,8.78,1.92,1.29,1.05,0.95,1.35,1.77,2.24,2.05,3.07,2.45,2.69,1.44,1.13,6.75,8.12,2.85,3.35,3.1,4.2,4.15,36.33
"238",112301,112195,111574,109268,108922,86.66,86.21,93.3,91.26,77.76,67,70.88,69.62,66.52,75.42,10.74,8.56,15.79,11.8,12.66,12.88,16.48,13.52,21.61,29.69,44.65,43.02,43.29,46.09,47.36,9.46,8.05,15.85,10.78,9.85,198.17,136.18,174.48,87.91,111.88,13.55,14.19,19.24,13.46,11.61,187.35,173.34,220.22,152.96,136.65,218.56,191.23,256.64,160.64,139.82,45.75,52.29,38.97,62.25,71.52,14.06,12.14,21.84,14.46,14.91,463.93,536.18,588.49,558.25,693.63,74.39,64.77,133.49,99.01,116.41,172.14,139.01,106.07,78.71,51.87,232.29,294.21,319.39,357.46,503.61,199.65,260.92,285.67,327.86,474.23,21.54,15.84,11.71,8.56,4.39,2.31,2.15,0.79,0.79,0.45,4.68,4.11,3.87,3.77,2.97,2.75,1.99,1.27,6.44,11.12,6.75,6.12,5.22,5.07,4.6,14.49
"239",69479,69233,68729,67199,66792,87.3,87.52,94.77,91.96,77.61,79.89,83.58,80.86,77.83,84.66,14.56,13.49,13.1,10.84,7.8,16.1,22.68,14.05,16.22,26.09,69.64,63.13,71.26,72.57,71.15,12.72,12.29,12.44,10.01,6.11,177.58,109.32,131.07,113.44,112.56,15.68,14.43,20.22,20.46,18.34,207.07,164.17,246.88,226.64,172.57,209.58,164.95,250.24,228.9,172.57,47.72,60.63,39.96,43.69,57.95,19.22,17.22,18.03,14.02,10.65,1091.06,1424.93,1315.77,1366.04,1702.32,198.8,229.92,213.13,190.22,156.76,15.72,10.51,5.3,0,0,474.36,719.08,583.68,698.76,1129.6,469.12,713.82,578.38,693.34,1129.6,1,0.54,0.31,0,0,0.08,0.05,0.02,0,0,0.36,0.28,0.31,0.29,0,2.51,2.08,1.4,0,0,0.55,0.41,0.42,0.41,0,7.52
"240",55438,54979,54444,53151,52756,88,85.03,93.32,86.23,79.28,76.07,77.73,76.02,71.66,77.45,3.7,6.22,7.06,8.3,2.44,14.03,7.71,12.73,20.85,20.92,66.83,68.59,67.1,67.02,69,3.51,6.22,6.68,7.24,1.95,110.33,304.08,104.86,100.4,110.76,3.07,15.76,16.45,13.21,12.92,120.01,319.56,219.5,160.61,160.63,122.24,336.59,229.99,163.37,163.14,81.81,29.71,43.48,61.21,61.3,5.5,9.7,9.49,11.12,3.26,1019.63,1163.53,1172.87,1223.54,1372.77,49.58,93.14,108.93,141.67,43.3,410.02,404.35,389.95,380.63,364.52,280.87,403.82,499.56,692.79,765.15,257.42,394.72,481.2,673.97,746.19,26.92,22.97,23.59,19.23,16.3,8.27,4.34,3.58,2.69,8.42,2.29,0.93,1.43,2.23,2.09,2.8,1.82,1.36,6.63,7.64,3.54,1.46,2.02,3.4,3.46,49.04
"241",80898,81144,81107,80759,80725,88.96,77.86,84.53,85.41,77.45,68.8,71.07,71.21,68.25,75.99,12.5,15.36,14.1,13.5,10.17,14.51,20.36,18.63,34.54,33,55.74,60.4,61.43,62.15,62.31,11.17,11.96,11.93,11.56,7.88,167.65,202.37,164.79,67.02,88.82,19.15,31.52,42.81,26.79,17.51,234.23,278.28,344.84,167.31,150.12,244.88,287.04,357.56,168.72,151.1,40.84,34.84,27.97,59.27,66.18,15.33,19.2,18.5,16.84,13.47,682.23,779.51,812.62,836.17,1027.84,123.95,168.49,160.87,165.39,137.55,119.15,107.14,95.52,84.23,72.54,372.47,693.05,813.96,955.15,915.91,360.78,681.4,802.3,943.44,904.19,10.69,7.61,7.08,5.87,4.15,0.96,0.64,0.59,0.51,0.53,1.39,1,0.98,1.22,1.01,3.21,2.28,1.71,6.89,8.13,2.05,1.63,1.45,1.82,1.67,32.67
"242",136591,136672,136119,133451,133144,90.66,91.35,94.09,96.47,78.3,67.12,69.16,68.46,68.18,74.21,12.4,4.86,10.53,8.7,7.97,12.42,14.99,15.59,13.27,25.77,58.42,59.2,62.15,63.25,63.09,11.26,4.47,9.91,8.41,6.31,182.72,85.4,101.74,88.52,111.67,18.74,16.14,14.59,11.76,10.53,229.85,211.36,187.53,199.43,148.48,265.61,219.89,193.85,207.62,150.02,37.65,45.48,51.59,48.17,66.66,16.24,4.9,13,10.96,10.76,732.47,787.77,842.89,888.53,1100.61,135.27,55.36,129.65,113.42,118.27,146.18,131.46,117.3,104.66,89.88,397.43,434.75,409.02,392.97,725.98,360.09,420.12,394.33,377.98,710.96,12.14,10.54,8.96,7.75,4.75,1.08,2.37,0.9,0.92,0.76,3.39,1.33,1.19,1.59,1.16,2.33,1.44,0.76,6.17,7.77,4.7,1.78,1.52,2.02,1.82,9.12
"243",66699,66430,65955,64254,63909,82.12,78.48,85.31,85.71,60.47,77.91,80.81,81.31,75.3,83.02,17.03,17.71,21.57,18.64,16.35,22.95,23.49,20.09,24.61,52.69,62.1,65.35,65.27,67.13,70.77,14.1,14.25,18.83,15.98,9.89,157.04,178.68,196.65,132.93,87.71,14.01,27.29,41.1,44.49,22.93,165.78,236.17,339.2,307.09,140.85,169.03,238.39,345.44,307.09,140.85,59.16,41.95,28.95,32.56,71,20.52,21.69,26.72,23.61,21.45,764.28,886.73,1054.74,1045.78,1220.15,167.08,194.32,279.82,258.87,240.31,11.09,6.62,0,0,0,421.66,665.26,890.49,1132.86,1928.78,409.67,660.74,883.82,1132.86,1928.78,0.93,0.47,0,0,0,0.07,0.03,0,0,0,1.04,0.33,0.44,0,0,4.23,2.33,0,0,0,1.57,0.51,0.63,0,0,3.91
"244",74234,73968,73646,71565,71271,86.37,82.88,93.48,69.89,73.08,60.21,66.62,61.98,57.37,67.71,32.91,28.6,29.57,24.7,24.79,39.59,28.05,20.69,31.92,53.43,51.33,47.5,53.58,50.78,52.09,28.69,23.72,27.65,17.37,18.12,110.72,176.96,198.87,192.02,71.43,30.64,43.38,62.05,64.43,41.32,180.4,287.82,461.21,356.98,165.33,180.68,288.04,461.21,356.98,165.53,55.35,34.72,21.68,28.01,60.41,38.08,33.24,32.55,27.78,31.95,420.76,535.66,499.91,542.78,728.07,229.98,229.95,238.51,233.73,266.56,1.05,0,0,13.97,11.22,556.34,644.83,683.52,1192.18,1538.44,555.29,644.57,683.52,1192.18,1535.64,0.13,0,0,1.03,0.76,0,0,0,0.06,0.04,0.13,0.03,0,0.01,0.22,2.16,0,0,0.49,4.16,0.18,0.04,0,0.01,0.39,2.16
"245",78354,78227,77697,76178,75926,91.91,68.6,80.02,75.87,63.08,74.62,76.56,75.23,68.43,72.44,10.24,14.29,19.95,14.36,13.01,14.01,32.47,33.94,43.51,54.85,49.32,51.03,53.18,52.9,55.09,9.54,9.83,16,12,8.25,130.22,145.75,109.21,69.99,67.69,11.08,17.49,35.14,16.69,1.26,168.65,162.57,164.98,132.49,82.3,190.07,167.66,167.64,133.34,81.75,52.61,59.64,59.65,74.99,122.33,14.35,20.12,26.88,21.51,17.15,680.54,737.97,791.37,789.22,899.45,93.4,137.76,209.86,165.65,161.59,209.93,177.95,346.12,339.6,561.22,295.16,698.26,743.14,1034.53,1113.93,253.53,665.94,725.42,1014.45,1072.79,21.16,12.67,26.33,22.34,28.51,2.25,1.29,1.65,2.05,3.47,4.89,2.6,1.58,2.68,3.37,3.31,2.35,0.87,6.06,4.5,7.31,5.42,2.63,4.69,7.01,16.69
"246",74416,74582,74544,74017,74051,90.82,91.99,91.77,91.13,87.34,70.73,73.37,71.38,67.78,74.44,10.57,14.55,8.3,7.45,2.95,15.49,9.65,16.53,14.45,21.89,65.7,70.87,72.88,72.38,76.02,9.67,13.39,7.77,7.21,2.69,126.16,254.95,95.05,109.96,64.13,11.19,22.95,18.89,19.66,7.33,154.59,298.89,184.8,200.8,128.52,164.25,351.17,196.54,216.83,130.84,60.88,28.48,50.88,46.12,76.43,13.54,17.34,11.38,11.26,3.88,846.96,966.91,942.66,967.07,1125,126.56,191.78,109.61,106.3,44.59,220.28,215.01,222.16,235.56,202.04,357.12,453.81,504.69,518.99,571.3,322.37,422.21,471.48,483.54,537.88,16.71,15.01,15.44,15.05,11.68,1.74,1.12,2.03,2.22,4.53,3.02,2.46,2.5,3.1,2.9,2.31,1.7,1.26,5.53,8.34,4.34,3.23,3.3,4.12,3.94,14.66
"247",168614,169986,169800,174160,175312,82.15,68.05,81.9,73.53,64.66,57.04,60.78,60.43,57.34,61.83,9.09,10.17,11.07,2.56,-4.78,23.79,22.93,12.46,37.99,39.71,50.33,52.98,53.43,58.31,61.66,12.72,20.33,22.18,5.71,-2.41,108.59,213.64,262.01,64.6,72.24,9.46,26.85,45.17,25.81,8.35,138.33,235.6,494.07,157.45,118.35,140.57,245.31,535.71,158.8,118.7,71.14,40.76,18.67,62.97,84.24,21.33,39.74,36.71,9.54,-4.24,455.58,534.16,582.9,516.14,580.96,72.61,89.35,106.8,23.03,-44.92,131.42,118.91,106.13,90.89,77.8,331.89,593.13,667.07,865.82,782.38,318.64,576.31,654.17,853.24,769.88,13.52,9.21,9.01,7.43,5.35,1.81,1.33,0.99,3.95,-1.73,1.72,1.52,1.2,1.27,1.35,2.64,2.33,1.13,3.22,9.06,2.75,3,1.93,2.22,2.53,26.17
"248",94473,94166,93293,90590,90026,89.6,83.41,88.7,90.08,78.18,74.59,77.82,75.13,73.94,81.39,7.6,6.83,6.79,1.29,0.15,12.55,14.53,14.11,12.61,21.96,66.99,67.47,70.65,66.98,69.89,6.82,5.95,6.03,1.17,1.07,144.78,168.7,127.58,86.36,99.82,6.48,12.45,14.01,8.7,15.34,142.81,181.98,185.04,155.82,119.39,154.56,194.25,203.14,167.77,121.32,64.7,51.48,49.23,59.6,82.43,8.94,6.77,9.32,3.47,2.38,735.42,867.95,860.03,931.13,1127.37,74.95,76.19,77.76,16.26,2.02,277.56,252.03,217.08,186.1,336.47,238.02,369.65,393.38,339.39,510.96,202.13,343.21,356.07,300.97,472.3,25.23,18.85,16.82,13.31,18.99,3.7,3.31,2.79,11.45,166.26,4.05,2.36,3.17,3.72,3.11,3.11,2.01,1.68,7.27,4.87,5.88,3.56,4.35,5.22,4.96,24.04
"249",106272,105850,104865,101942,101287,88.88,90.16,89.31,94.53,86.19,67.29,71.68,71.21,70.08,76.06,3.98,3.19,7.18,1.1,-1.21,19.92,4.93,17.05,13.89,18.11,66.25,66.75,66.09,66.05,67.06,5.28,2.88,6.47,1.06,-1.03,69.01,281.05,100.34,43.17,66.23,2.35,10.32,9.28,6.13,2.94,84.38,217.82,137.43,95.48,84.29,82.67,277.47,142.08,94.93,82.75,120.96,36.04,70.38,105.34,120.84,9.29,4.33,10.09,2.25,-1.4,683.6,819.67,910.77,942.22,1135.67,40.39,36.47,91.8,14.76,-18.01,409.64,411.14,414.91,499.16,578.41,227.16,188.26,376.93,229.32,309.08,200.57,159.2,346.66,203.57,276.5,35.84,32.42,28.98,35.1,33.39,10.14,11.27,4.52,33.81,-32.12,3.28,3,2.47,3.45,4.27,2.66,2.19,1.24,4.67,7.17,4.65,4.28,3.58,4.69,6.36,40.95
"250",61505,61295,60880,59649,59345,91.02,93.82,94.72,87.63,79.36,72.78,78.3,75.84,72.15,77.25,9.72,13.93,13.34,11.31,2.32,27.42,10.7,14.71,20.89,30.13,68.08,65.94,71.07,70.07,73.31,8.88,13.13,12.65,9.98,1.86,57.44,198.79,126.52,108.63,67.23,7.96,12.24,11.4,5.9,3,84.84,226.45,191.32,151.33,80.68,80.55,258.51,200.42,154.53,77.74,124.15,38.68,49.9,64.71,128.63,12.7,16.77,18.47,15.05,3.23,866.39,1124.18,1141.05,1203.94,1359.52,115.68,199.93,200.69,188.81,40.77,601.14,565.65,547.11,534.06,742.26,441.95,420.46,473.1,628.07,689.05,327,382.9,450.71,603.74,576.45,45.96,36.96,34.45,28.04,33.47,5.2,2.83,2.73,2.83,18.2,9.61,3.03,1.8,3.03,6.57,1.78,1.57,1.14,6.24,4.47,13.74,4.34,2.47,4.47,10.45,9.3
"251",53115,52871,52534,51364,51090,92.27,95.66,86.87,87.83,69.8,67.59,71.36,70.2,66.59,75.74,10.43,9.27,11.36,13.39,3.59,13.21,10.39,15.98,19.07,34.59,66.32,65.9,67.98,65.02,68.04,9.63,8.87,9.9,11.77,2.59,137.97,131.34,157.08,133.53,91.91,6.83,7.96,13.75,13.98,8.35,150.1,184.34,196.43,171.26,122.61,154.29,198.25,204.91,177.99,123.46,64.81,50.44,48.8,56.18,81,14.26,12.42,14.81,16.45,5.79,579.31,672.3,720.56,828.86,962.62,89.36,87.35,116.57,166.7,45.59,174.55,159.02,144.81,124.12,100.61,190.03,212.78,369.73,476.13,823.99,180.25,196.44,354.5,452.13,799.81,18.79,16.14,12.25,8.76,5.53,1.95,1.82,1.24,0.74,2.21,1.6,2,1.47,2.27,1.82,2.92,2.14,1.46,6.63,8.83,2.31,2.8,2.19,3.46,3.45,52.05
"252",26532,26413,26255,25615,25514,99.16,76.5,94.04,93.6,75.27,78.12,80.29,80.92,69.19,82.42,5.44,11.7,10.12,13.36,2.77,5.42,9.57,13.62,21.31,26.95,63.7,66.35,62.17,64.38,66.37,6.08,10.01,12.17,13.72,7.59,116.07,454.04,116.13,86.07,99.29,2.93,31.78,33.76,24.62,17.46,148.72,378.11,308.97,203.97,160.14,154.57,454.73,353.36,215.96,164.65,64.7,21.99,28.3,46.3,60.73,8.48,15.88,18.51,20.61,14.45,917.76,1061.55,1220.9,1190.21,1431.97,63.95,154.64,152.68,229.78,48.14,255.73,334.02,290.61,251.32,205.58,106.01,595.62,800.83,918.18,1072.94,98.37,561.6,755.41,871.63,1026.21,21.59,19.33,18.11,13.67,8.91,4,2.16,1.9,1.09,4.27,1.47,2.37,3.2,3.53,2.84,3.82,2.1,2.04,7.3,9.18,2.06,4.23,4.94,5.03,5.08,127.76
"253",58205,57908,57316,55132,54756,85.51,86.27,88,86.08,74.53,73.94,77.28,75.72,72.56,80.62,13.82,13.26,15.38,14.43,11.03,25.72,20.2,19.85,27.61,36.1,55.17,58.51,59.89,55.21,54.17,11.82,11.49,13.56,12.44,8.23,103.14,132.88,138.38,93.75,89.93,5.42,8.95,14.34,11.16,5.72,124.14,153.1,182.65,138.63,115.27,125.33,156.45,187.58,139.94,115.27,79.79,63.92,53.31,71.46,86.76,19.91,17.6,19.65,18.38,10.97,858.78,961.35,1056.54,1186.92,1432.61,160.51,164.93,214.56,236.03,195.99,51.54,34.54,17.45,0,0,451.48,444.55,566.11,765.39,1029.46,434.3,427.28,548.67,747.25,1029.46,3.79,2.4,1.1,0,0,0.32,0.21,0.08,0,0,1.35,1.23,1.11,0.98,0,2.27,1.31,0.91,0,0,2.01,1.81,1.56,1.5,0,6.82
"254",148745,150333,151479,155785,157064,81.56,76.56,77.13,75.59,77.41,49.76,49.31,48.08,46.44,47.34,23.47,13.09,22.6,15.96,10.32,27.11,31.72,31.75,40.54,38.78,56.24,52.1,56.91,56.65,61.08,21.87,10.21,17.67,12.98,9.65,161.88,108.24,145.15,84.19,69.5,22.65,24.26,33.33,23.08,13.54,192.95,175.53,214.04,151.63,119.94,200.05,179.52,220.06,153.29,120.57,49.99,55.7,45.44,65.24,82.94,32.42,25.28,29.51,23.19,18.1,469.66,468.98,510.34,496,508.46,221.57,124.54,239.9,170.44,110.79,243.01,220.14,198.31,173.3,216.05,558.06,709.73,861.02,957.88,755.2,537.53,689.42,840.86,938.28,735.76,21,17.72,14.41,12.26,15.57,1.1,1.77,0.83,1.02,1.95,2.3,1.88,1.6,2.15,2.25,2.52,1.37,0.96,6.18,5.44,4.01,3.41,2.76,3.91,3.73,29.78
"255",54590,54058,53299,51467,50853,76.12,86.23,87.45,82.16,82.76,63.39,65.99,66.13,60.44,67.53,12.73,10.86,13.55,12.98,2.45,31.18,19.19,20.21,30.39,24.08,70.06,69.44,71.43,69.89,67.56,10.05,9.54,11.9,11.03,2.03,111.51,126.71,127.45,91.31,75.27,10.81,15.99,20.05,14.36,7.37,135.24,186.05,203.08,145.62,128.78,135.91,187.58,204.73,146.01,128.78,73.58,53.31,48.84,68.49,77.65,15.97,14.95,15.04,18.65,3.2,646.14,724.52,790.93,813.47,971.37,129.72,119.2,162.09,174.64,35.25,18.85,8.25,4.18,0,0,555.61,440.24,540.23,750.88,573.06,547.86,436.11,536.04,746.55,573.06,1.41,0.65,0.31,0,0,0.15,0.07,0.03,0,0,0.62,0.34,0.31,0.27,0,2.96,2.51,2.91,0,0,1.01,0.49,0.44,0.39,0,7.2
"256",47353,47039,46519,44940,44469,79.2,79.95,91.3,91.93,69.9,77.98,80.65,78.24,73.61,82.23,4.49,0.38,9.82,9.01,3.73,27.46,13.38,19.14,17.38,33.82,63.14,63.51,73.76,72.34,75.25,3.56,1.19,9.05,8.3,2.62,85.07,165.42,90.66,92.92,95.12,23.02,28.5,30.03,26.25,17.22,180.39,331.68,254.09,249.15,150.07,180.39,331.68,254.09,249.15,150.07,55.44,30.15,39.36,40.14,66.63,5.06,3.18,13.2,12.03,5.23,881.15,1041.93,1044.68,1118.81,1334.08,50.68,4.86,131.18,137.02,60.52,0.06,0.06,0,0.02,0,736.83,659.31,724.1,724.92,1197.79,736.83,659.31,724.1,724.92,1197.79,0,0,0,0,0,0,0.01,0,0,0,0,0,0,0,0,0,0,0,0,0,0,0,0,0,0,0
"257",42851,42293,41612,39710,39075,84.8,84.55,82.86,79.18,74.84,67.16,70.07,70.33,64.78,74.32,3.35,4.13,10.01,6.31,1.8,15.5,20.38,19.04,24.18,27.27,62.49,65.26,65.41,62.05,67.96,3.01,3.57,8.38,5.08,1.43,120.07,91.3,145.06,109.12,96.18,6.18,6.48,12.31,11.39,8.11,110.91,113.64,165.69,145.76,127.96,114.26,114.32,170.22,148.13,129.42,87.52,87.47,58.75,67.51,77.27,6.48,5.51,13.1,9.46,4.49,735.84,823.89,950.95,1032.57,1222.23,36.75,48.61,135.28,100.61,29.62,310.28,348.75,334.71,326.06,299.69,281.68,344.31,506.74,730.27,815.46,221.93,329.8,487.03,705.59,783.79,24.01,25.08,20.51,16.2,13.64,8.44,7.17,2.47,3.24,10.12,5.31,1.53,1.53,2.25,2.66,2.87,1.94,1.57,6.3,8.96,9.19,2.65,2.7,4.11,5.16,14.93
"258",38249,37983,37707,35985,35755,84.89,74.95,83.85,86.33,66.1,79.61,81.3,82.08,73.57,86.32,15.53,17.08,19.76,20.5,15.26,25.7,23.27,30.22,34.57,42.91,58.91,63.43,62.07,59.58,59.82,13.19,13.78,16.94,17.82,10.11,114.11,200.87,112.3,86.5,104.49,6.12,22.02,24.15,15.03,12.6,121.73,205.13,179.26,140.4,129.92,124.69,216.84,182.87,141.44,129.92,80.2,46.12,54.68,70.7,76.97,22.58,25.8,26.36,29.45,24.78,729.11,793.26,907.74,1015.85,1289.42,142.27,166.67,218.52,283.12,228.01,58.55,31.62,14.32,0,0,370.04,559.28,720.23,835.42,1236.08,333.59,531.94,702.69,820.42,1236.08,5.43,2.43,1.09,0,0,0.41,0.19,0.07,0,0,3.57,2.16,1.35,0.97,0,3.46,2.41,1.8,0,0,5.86,3.76,2.13,1.54,0,5.56
"259",50914,50894,50666,49803,49649,68.55,66.67,69.14,66.73,53.53,69.25,70.88,65.14,56.84,66.92,14.93,12.42,25.67,26.87,25.76,29.11,26.2,35.14,51.76,58.92,38.02,38.28,47.21,47.05,53.48,10.28,9.6,17.91,17.98,13.98,174.09,200.73,174.56,97.76,105.72,25.16,43.64,65.52,53.47,47.49,203.35,307.77,335.28,202.1,183.32,205.06,310.5,335.28,202.1,183.32,48.77,32.21,29.83,49.48,54.55,22.73,25.86,34.64,37.64,37.35,495.4,538.99,503.19,516.89,591.99,106.81,94.49,198.29,244.35,227.89,3.1,0,0,0,0,516.61,737.36,1043.12,1442.36,1726.8,512.47,734.25,1043.12,1442.36,1726.8,0.3,0,0,0,0,0.03,0,0,0,0,0.41,0.27,0,0,0,4,0,0,0,0,0.95,0.66,0,0,0,3
"260",40518,40251,39825,37885,37543,79.49,73.74,65.37,92.59,67.8,74.37,75.84,75.09,68.93,77.6,8.43,4.64,8.17,13.43,9.63,24.83,29.19,27.88,24.06,30,59.49,63.28,65.34,60.86,66.24,6.74,3.75,5.38,12.45,6.76,113.15,102.35,172.26,78.11,147.48,10.15,11.04,26.77,23.28,27.16,141.78,124.14,195.85,183.91,197.53,146.05,125.97,203.2,191.63,203.43,68.47,79.38,49.21,52.18,49.16,12.94,8.18,10.09,18.31,12.59,786.65,840.87,919.03,1078.79,1283.32,89.15,51.4,100.04,210.15,159.18,308.26,330.12,353.2,331.78,296.57,500.03,582.1,916.33,862.39,1341.5,467.3,549.15,883.03,822.88,1302.76,23.17,21.96,18.86,19.63,12.16,3.46,6.42,3.53,1.58,1.86,3.03,2.46,1.96,3.58,2.53,2.45,1.23,0.94,6.32,7.77,4.98,4.07,3.64,5.03,4.81,23.12
"261",20002,19807,19550,18893,18738,72.36,67.58,67.02,87.21,44.14,77.68,78.99,78.39,65.11,80.62,13.01,11.73,14.4,25.47,11.85,36.74,28.04,31.31,37.18,58.72,60.11,61.63,65.87,64.26,67.7,12.48,7.93,10.39,22.3,5.26,101.32,173.55,163.08,91,110.37,9.89,22.64,36.91,32.61,23.15,117.93,184.55,237.95,183.44,141.57,118.61,197.4,241.2,184.76,141.82,84.31,50.66,41.46,54.12,70.51,24.53,22.39,24.77,34.09,20.58,909.87,942.1,1026.97,1155.95,1345.34,152.35,139.92,188.66,452.21,197.81,134.22,73.17,62.1,51.81,39.68,724.36,872.23,1244.75,1459.34,2979.9,701.99,809.87,1232.72,1446.89,2967.35,8.29,4.15,3.18,2.54,1.05,0.88,0.52,0.33,0.11,0.2,1.58,3.67,0.68,0.81,0.44,2.41,3.2,2.15,7.91,9.91,3.56,8.18,1.45,1.33,1.38,14.43
"262",44366,43910,43295,41347,40840,80.02,86.77,84.24,66.46,59.4,76.45,77.29,75.48,69.79,80.14,7.68,7.55,8.14,6.27,4.83,31.9,12.76,17.95,41.02,43.63,55.18,60.21,63.86,56.87,55.89,6.84,6.74,7.5,5.14,3.51,75.52,168.61,133.61,87.02,99.35,10.22,18.4,22.92,8,5.25,129.13,250.52,231.65,120.35,111.8,129.53,256.91,235.37,120.81,112.01,77.2,38.92,42.49,82.78,89.28,13.26,10.4,11.84,10.8,11.39,882.8,920.59,920,1103.19,1453.58,88.73,89.89,99.2,99.05,87.59,182.57,177.64,173.23,158.17,136.63,653.63,420.46,583.49,1268.15,1519.85,646.87,413.62,576.56,1244.93,1496.35,12.65,12.94,11.97,6.65,4.47,2.06,1.98,1.75,1.6,1.56,0.76,0.67,0.6,1.41,1.13,2.31,1.36,1.02,6.45,7.96,1.43,1.12,0.97,3.07,2.96,62.48
"263",67055,66286,65367,62400,61668,72.26,81.69,76.62,74.03,64.02,78.11,80.19,81.25,78.07,78.95,8.99,9.86,11.28,7.8,6.27,32.64,32.26,21.83,33.5,45.6,56.79,54.94,62.19,57.83,57.09,6.7,8.28,8.65,5.78,4.03,107.45,75.16,168.76,92.31,79.55,16.68,14.32,27.34,20.4,17.71,131.09,121.27,244.06,159.33,110.64,131.09,121.27,244.06,159.33,110.82,76.28,82.46,40.97,62.76,90.24,15.67,17.3,14.01,10.42,9.04,832.82,1008.22,1062.05,1225.33,1336.45,95.83,123.92,147.48,122.49,106.2,301.25,410.34,416.11,435.9,743.5,616.25,654.71,790.25,1161.62,1495.37,616.25,654.71,790.25,1161.62,1473.48,20.42,26.66,24.39,20.56,28.12,3.14,3.31,2.82,3.56,7,0.41,0.55,0.4,1.21,2.37,2.01,2.08,1.62,5.86,5.47,0.72,0.87,0.64,2.17,4.56,0
"264",35689,35606,35430,34752,34678,88.96,72.41,75.14,62.61,57.21,68.33,68.38,67.96,56.65,68.23,9.66,10.87,9.7,19.61,17.96,17.89,20.13,31.02,45.95,52.59,45.15,48.38,48.68,54.86,62.46,8.99,9.06,7.5,13.42,10.34,112.15,217.92,105.38,116.08,101.89,11.51,27.46,27.61,26.77,24.64,160.79,259.4,186,161.14,146.39,165.74,268.78,190.51,162.57,147.31,60.34,37.21,52.49,61.51,67.88,19.17,20.12,14.26,27.59,22.58,687.51,699.74,722.36,676.26,808.78,97.2,111.22,103.11,234.08,212.9,140.18,126.98,104.98,88.05,66.9,344.24,631.54,844.76,1345.05,1610.74,328.13,618.01,822.13,1326.07,1589.4,12.39,8.99,7.42,4.62,3.23,1.44,1.14,1.02,0.38,0.31,1.76,1.12,1.7,1.3,1.29,2.75,1.79,1.35,6.6,7.91,3.01,2.2,3.12,2.62,2.83,23.91
"265",57051,56652,56087,54045,53681,53.85,78.99,69.09,72.72,77.97,72.37,74.02,74.45,69.13,78.37,16.73,16,14.04,16.34,13.55,44.44,39.65,32.77,47.2,32.4,58.81,61.91,56.71,60.88,60.84,9.02,12.65,9.99,11.9,10.7,153.81,77.18,140.3,72.01,100.9,24.39,22.7,28.13,11.87,11.2,168,150.53,193.89,121.43,134.66,168,152.07,197.21,121.84,134.66,59.53,65.76,50.71,82.08,74.26,23.14,19.37,20.13,22.38,18.36,862.81,933.16,1075.73,1093.03,1456.41,199.51,201.77,202.85,258.28,251.89,63.1,43.34,21.4,0,0,1333.96,1079.38,1215.02,1462.66,1036.87,1333.96,1058.2,1193.62,1440.46,1036.87,2.85,2.72,1.02,0,0,0.32,0.21,0.11,0,0,0.06,1.37,1.04,1.02,0,2.13,1.49,1.17,0,0,0.15,2.2,2,1.78,0,0
"266",43663,43390,43028,41653,41455,85.46,89.96,93.39,90.43,94.27,73.12,73.26,72.76,69.18,80.43,11.68,9.4,12.75,7.9,-2.91,18.49,11.19,16.76,13.14,9.15,66.18,72.01,73.55,64.41,58.43,10.01,9.1,11.93,7.17,-2.73,143.22,180.12,112.89,132.7,30.51,9.81,16.01,14.92,14.3,4.4,151.27,225.8,179.68,198.86,138.38,157.31,255.86,190.94,213.57,145.01,63.57,39.08,52.37,46.82,68.96,13.41,14.77,13.97,11.75,-3.32,851.27,866.53,953.74,1122.03,1517.65,136,111.19,167.13,128.2,-54.97,223.3,192.44,161.52,133.24,100.11,394.47,377.77,472.15,516.03,317.45,366.99,345.5,439.62,482.42,283.68,16.39,14.64,11.51,7.43,5,1.64,1.73,0.97,1.04,-1.82,2.35,2.63,2.37,2.29,2.11,2.06,1.18,0.48,5.53,8.37,3.64,3.54,3.17,3.47,3.46,16.72
"267",79260,79136,78939,76781,76655,80.12,89.51,92.88,93.89,79.91,76.04,79.7,78.81,75.68,80.34,4.87,7.75,10.99,8.97,3.23,26.17,15.36,11.76,10.22,23.82,61.55,61.58,61.1,60.03,62.23,3.93,6.97,10.26,8.44,2.59,88.04,116.22,157.3,149.32,93.74,2.02,7.64,8.75,10.54,5.43,95.68,110.92,158.03,188.18,122.1,95.27,113,182.93,212.18,123.77,104.96,88.49,54.67,47.13,80.8,6.43,10.66,15.14,11.48,5.07,884.67,1076.32,1182.08,1229.99,1337.16,56.66,104.62,164.9,145.82,53.69,524.57,574.58,499.67,467.86,430.67,410.46,298.59,401.91,403.26,661.16,373.69,255.55,325.56,357.4,623.21,36.13,38.09,30.94,27.03,20.68,9.26,5.49,3.03,3.21,8.02,3.53,3.56,5.16,4.26,3.61,2.77,1.86,1.39,5.97,8.66,5.66,5.41,7.58,6.27,5.99,39.46
"268",97616,97677,97536,96273,96077,90.73,88.42,96.22,93.09,82.79,73.2,64.5,67.71,69.7,76.76,7.28,14.45,18.85,11.12,9.71,17.79,15.85,10.19,10.29,21.03,60.16,57.57,65.6,65.25,68.85,6.8,12.8,18.25,10.36,8.04,87.22,170.9,247.5,181.91,126.86,4.36,12.09,23.32,29.51,29.78,121.36,177.56,298.28,369.95,249.6,123.94,184.82,363.28,411.01,249.6,80.69,54.11,27.53,24.33,40.06,8.91,16.58,22.25,13.18,11.24,931.98,1050.63,1104.48,1120.59,1328.52,92.74,235.35,307.54,178.75,168.13,294.01,269.25,220.43,198.39,198.8,347.47,509.82,594.55,698.53,1038.61,316.64,485.25,545.34,673.6,1038.61,20.95,14.62,13,11.49,9.51,3.17,1.14,0.72,1.11,1.18,2.69,1.56,3.03,2.1,0.7,2.36,1.57,0.98,5.7,7.41,3.67,2.08,3.61,2.62,0.98,22.45
"269",56225,55933,55615,53708,53372,93.4,95.58,94.67,94.28,89.62,65.38,68.7,67.61,62.32,64.26,6.76,6.97,10.86,5.5,3.1,10.49,7.9,10.69,10.6,17.94,64.69,64.28,68.45,63.56,65.34,7.31,6.73,10.48,5.47,2.82,126.53,145.28,154.5,103.18,69.29,13.91,13.38,15.48,13.05,3.22,51.7,252.44,230.38,205.94,56.13,-80.81,292.97,257.79,223.53,-2.96,-123.75,34.13,38.79,44.74,-3375.09,8.82,8.58,12.85,7,4.04,1163.07,1319.53,1387.93,1516.66,1692.47,120.33,133.81,222.92,133.8,81.7,1074.21,1039.09,998.99,989.17,912.88,376.29,489.57,610.7,655.01,735.15,-157.11,448.85,564.66,609.72,-16.54,56.4,51.71,46.07,38.32,31.06,8.93,7.77,4.48,7.39,11.17,29.56,3.34,2.96,4.31,28.41,2.75,2.55,1.8,6.66,9.11,36.59,4.17,3.65,5.46,37.34,5.54
"270",117452,119362,121406,129265,130795,92.6,83.9,93.45,89.25,91.61,40.75,46.5,47.06,48.1,56.87,21.35,17.8,22.95,15.95,14.93,21.04,21.79,23.59,29.77,30.6,53.74,53.99,53.32,52.06,52.87,19.77,14.98,21.45,14.35,13.69,139.98,161.52,125.89,78.59,64.22,15.6,23.5,27.44,17.56,13.44,171.36,215.07,219.61,154.36,109.61,180.4,222.29,223.42,155.22,109.61,55.43,44.99,44.76,64.43,91.23,25.58,21.48,27.23,19.95,19.42,321.29,395.71,460.26,465.8,628.68,168.29,151.51,224.41,154.5,165.07,26.05,13.4,5.77,0,122.33,318.99,445.55,527.35,540.85,454.57,298.04,433.32,519.94,535.44,454.57,3.06,1.32,0.55,0,10.14,0.15,0.09,0.03,0,0.74,2.58,1.24,0.72,0.52,0.01,3.76,2.6,1.59,0,0.08,3.33,1.82,0.91,0.73,0.01,4.68
"271",137942,140770,143101,150988,152776,93.77,91.98,89.2,94.88,87.7,64.97,67.25,66.79,69.4,74.97,7.89,8.82,11.95,2.35,3.32,13.61,8.23,11.39,16.17,18.15,56.97,60.22,57.4,53.96,56.12,7.4,10.13,10.67,2.24,2.91,100.18,214.39,212.55,41.13,80.87,3.85,8.7,16.4,3.33,5.55,106.98,180.47,232.83,116.49,86.9,108.27,215.6,262.49,118.63,85.58,92.36,46.38,38.1,84.3,116.85,9.75,12.98,14.68,3.6,4.13,648.42,735.7,831.24,883.22,1041.52,78.72,96.54,148.72,29.95,46.07,361.75,315.41,278.82,233.13,331.2,183.57,232.03,401.1,315.46,284.96,156.74,192.96,369.65,284.33,254.85,33.99,26.52,19.99,17.38,20.91,4.6,3.27,1.87,7.78,7.19,3.48,3.91,2.56,3.37,3.18,2.83,2.37,1.52,6.02,6.13,4.49,5.12,3.5,4.75,4.79,38.19
"272",72589,72808,72951,72237,72200,79.74,87,93.84,84.27,83.3,71.81,75.76,74.8,74.14,80.62,12.06,11.61,10.49,8.46,8.8,26.73,13.95,14.88,20.28,25.52,62.3,63.56,62.82,60.53,67.51,11.17,10.25,9.9,7.15,7.34,116.73,185.26,108.99,116.47,92.33,6.5,16.28,15.25,13.01,10.88,122.45,186.98,176.7,158.19,124.25,125.41,209.97,194.08,166.28,126.86,79.74,47.63,51.53,60.14,78.82,16.74,14.39,13.95,11.64,12.1,863.48,1010.54,1104.53,1210.76,1435.44,144.95,154.8,154.9,138.19,156.76,307.02,294.92,264.52,214.25,237.39,534.76,451.79,500.92,685.39,766.03,483.87,401.27,448.56,632.51,705.96,20.36,19.24,16.81,11.06,11.11,2.12,1.91,1.71,1.55,1.51,4.07,3.84,3.6,3.19,3.45,3.39,2.84,1.63,4.19,5.78,6.42,5.65,4.92,5.09,5.48,20.46
"273",83231,83028,82795,80782,80382,99.07,97.83,97.81,99.92,90.54,61.76,64.78,65.06,61.61,67.75,9.97,8.72,10.34,10.84,6.22,6.08,4.61,6.66,2.03,20.56,60.52,61.34,63.63,62.17,62.96,9.9,8.55,10.12,10.85,5.64,187.35,247.82,196.44,590.52,68.69,12.19,14.79,17.58,23.43,10.9,241.84,311.97,304.19,704.14,146.01,311.29,442.29,380.9,1367.8,149.6,32.12,22.61,26.25,7.31,66.85,11.4,11.03,12.18,13.07,7.13,720.91,825.34,884.27,940.41,1131.87,116.42,111.12,140.47,165.45,103.9,188.81,154.67,122.43,94.47,63.3,244.95,283.45,364,417.12,638.15,211.66,248.85,331.32,386.11,606.51,16.02,11.88,8.81,6.18,3.43,1.62,1.39,0.87,0.57,0.61,3.31,2.89,2.49,2.53,2.09,2.99,1.99,1.52,8.07,10.81,4.1,3.59,3.05,3.01,2.73,16.96
"274",66196,66069,65969,63989,63793,90.4,85.4,90.66,87.55,82.21,67.17,71.74,70.68,68.28,74.31,7.75,5.86,8.43,5.53,3.6,14.02,10.09,12.76,19.63,17.94,64.95,64.02,62.78,62.06,64.3,7.29,7.1,7.82,6.3,7.05,122.2,217.21,139.86,85.61,119.79,10.51,19.18,21.65,18.58,19.16,125.74,278.08,260.96,173.42,207.34,128.18,301.18,278.32,177.78,213.68,78.02,33.2,35.93,56.25,46.8,8.92,9.31,11.59,8.98,11.16,782.48,950.78,1053.63,1107.23,1330.55,90.31,77.63,125.64,89.71,64.5,197.9,196.02,174.77,211.1,209.15,241.19,439.87,577.31,687.47,828.62,224.57,421.71,555.77,665.26,806.35,15.36,12.63,10.63,11.4,9.6,2.19,2.53,1.39,2.35,3.24,1.6,1.52,1.51,1.72,1.84,2,2.79,1.86,4.54,8.48,2.21,2.29,2.09,2.43,2.68,23.86
"275",63575,63401,62953,61198,60872,93.09,95.38,97.49,99.28,89.93,74.4,76.54,74.79,73.28,79.41,4.29,5.82,5.98,1.69,-2.56,14.36,9.45,3.06,2.38,12.13,68.52,71.05,72.03,64.63,66.82,3.99,5.56,5.84,1.77,-2.29,72.93,108.5,288.42,100.68,61.04,1.7,6.35,8.49,4.79,0.36,68.17,77.42,238.03,193.5,84.72,53.57,63.38,393.77,301.5,83.13,186.69,157.77,25.4,33.17,120.3,4.8,5.4,6.91,3.56,-1.85,996.6,1118.57,1131.94,1313.08,1498.06,57.41,85.01,90.56,30.19,-48.23,497.18,559.09,512.42,477.58,504.81,213.81,180.34,227.42,178.84,249.95,115.18,91.04,176.77,129.3,222.1,34.55,36.49,33.01,26.46,24.06,8.66,6.58,5.66,15.82,-10.47,7.68,6.42,3.73,4.07,2.7,2.38,1.63,1.42,5,5.71,9.75,8.11,4.53,5.16,3.67,12.02
"276",35656,35483,35314,33991,33740,95.93,90.44,88.87,90.12,87.12,62.98,69.3,67.78,65.22,70.7,6.2,4.56,11.3,11.2,2.5,9.84,8.28,13.06,10.39,28.73,64.31,58.86,64.28,56.51,64.74,5.99,4.13,13.73,10.45,2.21,102.06,175.56,178.8,215.42,43.98,5.64,8.71,15.73,22.54,10.01,148.92,191.54,215.56,306.22,106.47,157.43,211.72,232.89,338.51,106.89,63.52,47.23,42.94,29.54,93.56,8.66,6.38,18.18,17.3,4.72,793.14,1027.94,1056.54,1309.56,1313.92,78.1,67.69,176.11,224.92,46.5,430.12,404.09,374.82,366.46,485.87,225.4,298.79,514.76,731.81,827.15,202.97,270.61,483.61,699.45,780.62,32.76,24.64,21.37,16.45,22.78,5.51,5.97,2.13,1.63,10.45,2.91,2.51,2.24,2.39,3.69,3.67,3.22,2.19,5.71,6.63,3.75,3.79,3.29,3.69,5.44,70.34
"277",86203,87183,88012,90613,91216,91.15,90.72,95.39,94.86,89.98,54.92,59,57.25,58.59,65.93,5.57,8.17,10.97,2.47,2.3,14.05,7.89,6.72,13.92,18.31,54.23,56.1,58.37,51.61,54.23,5.85,11.35,10.51,2.34,2.07,99.01,233.93,246.53,50.03,61.38,5.91,12.79,19.59,7.78,10.13,110.03,240.1,345.82,145.77,87.72,111.48,279.25,420.28,152.03,86.61,89.7,35.81,23.79,65.78,115.46,6.95,15.17,13.89,3.72,5.03,541.2,646.68,669.76,749.59,917.07,54.93,89.51,128.36,31.61,32,200.69,174.35,149.98,118.08,287.23,191.66,264.82,338.01,334.32,291.23,169.62,240.73,315.29,306.73,263.83,18.56,14.43,12.23,8.75,18.58,3.65,1.95,1.17,3.74,8.98,2.58,2.32,2,2.62,2.43,2.92,2.26,1.21,6.54,3.56,3.62,3.3,2.58,3.72,3.54,26.58
"278",98793,98781,98823,96224,96166,81.25,74.94,80.5,79.93,74.61,55.98,59.02,59.46,60.31,65.8,16.15,9.63,14.27,11.28,7.81,24.45,28.93,28.63,28.28,33.6,58.48,57.04,54.11,49.57,53.69,13.4,7.58,11.85,9.2,5.92,144.54,117.12,111.92,104.03,89.68,11.1,16.87,23.86,17.66,11.01,147.45,144.24,160.14,155.68,130.8,150.35,146.86,162.74,163.16,131.63,66.51,68.09,61.45,61.29,75.97,20.64,14.28,19.63,17.52,12.17,555.79,610.88,730.45,888.53,1028.76,160.39,99.72,175.33,166.25,122.05,135.01,167.19,247.97,185.42,165.78,421.63,581.55,705.84,910.09,979.66,405.16,559.05,687.61,840.84,959.9,11.05,12.1,16.25,10.06,7.91,0.84,1.68,1.41,1.12,1.36,1.68,1.82,1.34,4.55,1.65,3.02,1.62,0.88,7.86,8.95,2.7,3.36,2.34,8.52,3.31,24.71
"279",128055,128264,127906,125541,125208,94.23,88.95,95.7,98.22,90.93,63.19,67.47,66.97,66.1,69.75,9.81,7.15,7.69,0.75,0.5,15.68,19.8,13.51,12.53,13.67,63.21,61.18,60.74,57.43,59.75,9.26,6.37,7.83,0.94,0.49,95.06,85.39,84.49,18.06,66.48,9.74,12.86,13.76,7.45,6.25,109.97,116.09,156.67,97.38,97.59,111.19,117.36,164.24,97.01,97.29,89.93,85.21,60.89,103.08,102.78,10.19,9.31,10.37,1.63,1.11,729.08,878.55,942.06,1032.21,1221.61,113.23,93.11,108.21,11.75,8.74,237.03,349.52,395.11,496.78,592.18,238.8,373.97,360.25,246.13,302.18,215.12,350.33,333.16,215.3,268.47,19.36,23.87,26.88,31.25,30.75,2.09,3.75,3.65,42.28,67.78,2.38,1.95,2.11,3.34,3.83,2.32,1.41,0.98,4.49,6.76,3.04,2.74,2.69,4.27,5.14,23.25
"280",115738,115641,114843,112111,111568,93.65,95.39,97.53,96.48,96.62,59.94,63.62,60.92,59.67,63.4,7.15,4.72,6.33,3.73,-0.18,18.57,12.46,6.66,7.55,5.59,66.67,65.63,66.61,65.69,65.67,7.12,4.67,6.31,3.62,-0.16,65.78,70.45,132.62,93.85,55.77,16.36,9.47,10.54,8.62,4.53,179.99,99.33,247.23,204.76,170.76,182.49,98.74,261.86,213.71,179.03,54.8,101.27,38.19,46.79,55.86,9.39,5.53,8.33,4.86,0.04,782.72,931.49,959.29,1031.43,1228.35,93.39,69.15,99.63,64.47,-3.57,401.77,377.89,370.07,367.49,355.84,513.19,368.13,285.88,301.87,219.33,504.55,196.05,275.43,290.27,205.89,28.81,24.62,22.92,20.51,17.75,4.3,5.46,3.71,5.7,-99.75,1.43,11.86,1.02,1.7,2.26,2.81,2.65,1.64,5.14,8.95,1.86,15.67,1.26,2.13,2.77,130.54
"281",216764,218766,220054,226654,228201,93.37,86.15,93.48,91.07,86.34,59.05,63.21,62.38,63.91,68.72,10.04,10.49,15,3.92,6.77,18.79,13.63,11.86,19.25,20.34,58.76,60.64,59.81,54.08,59.99,9.4,9.05,14.03,4.01,5.88,82.3,188.06,192.12,59.95,94.91,9.72,17.11,24.8,13.57,14.27,123.79,225.9,305.88,162.84,148.08,125.57,240.59,331.93,165.06,149.59,79.64,41.56,30.13,60.58,66.85,13.42,11.39,18.69,6.04,8.91,535.05,651.51,728.06,772.06,892.56,90.93,108.1,175.04,47.35,88,124.12,105.99,88.48,76.12,127.24,250.89,367.35,460.02,466.49,472.28,236.84,350.35,443.13,456.71,462.57,12.79,8.86,7.09,5.74,8.46,1.37,0.98,0.51,1.61,1.45,1.66,1.56,1.44,1.11,1.02,1.63,1.59,1.23,6.56,4.42,2.08,2.19,1.82,1.55,1.41,14.43
"282",41476,41141,40882,38890,38527,88.77,87.82,82.46,92.39,99.02,75.51,57.13,78.24,71.36,81.61,8.38,36.6,7.46,14.61,7.48,22.9,18.34,27.68,26.54,8.64,63.32,65.53,64.01,65.08,68.3,7.45,32.16,6.18,13.55,7.45,77.26,354.4,81.12,74.05,96.79,14.86,39.84,41.11,31.62,32.66,102.56,388.28,228.7,206.41,427.16,102.97,418.6,240.77,210.94,476.75,97.11,23.89,41.53,47.41,20.98,10.69,41.55,10.56,18.31,10.76,822.79,987.52,1031.42,1132.38,1293.26,91.27,632.66,98.35,231.89,118.58,205.28,181.07,138.45,124.71,104.86,353.6,1056.24,1167.96,1053.43,682.31,305.38,1030.35,1124.2,1032.61,661.29,16.72,9.2,8.66,7.26,6.55,2.25,0.29,1.41,0.54,0.88,4.26,1.54,2.87,1.66,1.95,1.97,2.43,1.52,6.15,9.71,5.92,2.07,4.36,2.28,2.45,8.38
"283",148516,147816,146527,145899,144997,91.91,86.43,95.68,92.97,87.94,45.05,48.67,47.58,48.95,56.91,15.84,9.39,18.25,9.54,5.99,11.63,19.01,12.83,19.25,22.92,66.29,67.19,67.41,66.34,69.53,14.78,8.27,17.48,8.87,5.29,222.56,117.9,189.27,79.34,70.5,19.83,20.67,28.95,23.55,13.29,283.79,209.13,340.85,214.66,153.13,294.8,212.41,351.56,217.52,154.09,33.92,47.08,28.44,45.97,64.9,19.44,11.92,22.35,12.19,6.71,365.67,412.88,485.4,500.24,620.98,128.62,79.63,186.17,97.49,65.4,64.84,54.21,43.65,35.42,23.83,270.42,388.74,436.87,484.66,475.44,265.04,383.33,431.41,479.17,469.92,7.34,5.52,4.09,3.22,1.92,0.5,0.68,0.23,0.36,0.36,0.73,0.63,0.54,0.57,0.55,1.59,1.49,0.79,2.19,5.67,0.97,0.9,0.69,0.77,0.77,19.13
"284",165374,166215,166405,165721,165949,77.04,80.46,91.14,86.86,70.19,36.13,41.02,40.54,40.07,48.39,15.56,15.98,19.51,12.64,9.59,31.36,24.97,20.85,27.88,36.41,48.34,51.26,51.76,51.19,54.67,12.02,13.05,17.79,11,6.74,117.57,143.97,137.95,82.26,100.55,10.4,18.46,20.8,10.25,10.89,127.28,180.44,204.65,146.62,129.92,128.61,185.11,219.5,147.72,129.97,77.76,54.02,45.56,67.7,76.94,20.09,18.17,22.76,15,11.7,251.15,291.78,325.64,328.44,416.63,108.18,113.7,156.74,103.65,82.52,41.45,32.91,8.72,2.22,1.41,357.99,379.8,397.83,415.39,580,344.92,368.25,373.69,408.85,579.2,4.59,3.72,0.99,0.24,0.12,0.38,0.29,0.06,0.02,0.02,1.56,1.4,2.81,0.72,0.08,2.31,2.48,7.41,10.77,8.75,2.33,2.07,3.47,0.99,0.13,7.33
"285",178145,178005,177030,175826,175200,86.77,84.34,95.78,90.99,89.52,59.79,65.67,65.7,69.8,73.25,10.11,7.59,10.21,4.73,3.87,22.65,16.22,8.24,13.79,12.68,57.32,57.57,56.05,49.99,52.3,8.92,6.93,9.87,4.83,4.56,96.35,146.14,181.27,96.04,111.6,2.15,7.72,10.92,5.4,5.41,102.94,139.9,204.9,131.87,140.38,103.26,145.2,244.61,138.97,143.3,96.84,68.87,40.88,71.96,69.79,14.21,9.83,13.98,7.98,7.48,622.86,766.67,865.84,1062.85,1223.36,105.33,88.62,134.51,72.01,64.61,124.18,108.98,69.37,18.17,1.4,313.18,331.15,300.07,374.04,350.88,283.18,303.39,259.85,322.36,334.05,10.34,7.87,5.04,1.09,0.07,1.18,1.23,0.52,0.25,0.02,2.75,2.14,2.99,3.27,0.95,2.41,1.71,1.41,16.8,66.58,3.94,3.32,4.07,5.35,1.51,10
"286",134637,134341,133650,132171,131701,83.99,80.99,84.6,85.34,78.02,42.97,44.15,44.83,44.94,51.24,15.85,13.42,17.79,10.13,3.73,25.12,28.21,25.51,20.51,26.18,55.49,54.92,54.86,53.81,54.69,13.33,10.88,15.07,8.66,2.92,123.67,108.41,127.81,117.7,93.45,8.11,8.15,9.24,8.76,7.66,129.8,120.95,147.9,156.53,114.32,134.19,123.46,154.28,165.26,115.76,74.52,81,64.82,60.51,86.39,20.13,16.53,22.57,12.67,5.37,315.28,342.31,400.76,424.16,517.97,116.27,104.06,159.07,95.61,37.74,219,226.49,196.41,161.6,170.08,308.46,357.3,421.98,395.66,434.16,277.91,325.73,388.4,361.85,399.45,25.07,23.66,18.59,14.61,13.13,1.88,2.18,1.23,1.69,4.51,4.23,3.88,3.42,3.69,3.64,2.92,2.48,1.32,4.34,7.34,6.11,5.98,4.91,5.56,6.07,20.94
"287",115571,115540,115207,113226,113196,93.25,76.89,92.77,94.3,87.25,44.32,46.94,47.54,49.54,57.48,15.09,14.1,17.84,12.38,9.16,19.64,20.77,21.01,24.22,22.76,54.88,58.01,58.83,56.68,59.49,14.08,10.84,16.56,11.68,8.01,107.59,196.2,117.35,65.8,88.84,14.84,28.35,33.47,22.06,13.84,176.67,263.8,265.12,183.54,171.26,176.67,263.8,265.12,183.54,171.26,56.6,37.91,37.72,54.49,58.39,17.31,16.84,22.3,15.61,11.03,343.88,380.94,441.94,512.6,630.81,117.09,114.46,165.86,128.14,100.57,0,0,0,11.32,6.02,284.52,481.93,538.43,531.92,503.18,284.52,481.93,538.43,531.92,503.18,0,0,0,1.03,0.48,0,0,0,0.09,0.06,0,0,0,0,0,0,0,0,0,0,0,0,0,0,0,0
"288",84762,84501,83984,82530,82220,88.48,90.03,99.09,90.54,74.82,52.16,60.5,61.43,60.28,69.21,8.29,9.08,10.92,5.96,4.38,16.91,7.27,12.04,15.82,27.46,65.23,68.27,65.61,65.85,69.86,7.35,8.18,10.85,5.54,3.28,114.23,282.56,97.11,92.8,105.02,4.89,11.04,10.48,2.56,7.91,110.63,185.57,152.74,122.21,121.93,112.34,263.41,164.31,127.06,122.84,89.02,37.96,60.86,78.7,81.41,10.95,11.84,15.9,8.29,6.08,388.71,487.73,562.12,598.58,732.93,61.81,73.23,99.97,59.14,46.34,151.19,103.06,103.04,100.87,109.73,178.52,203.76,207.8,261.33,486.84,156.22,151.46,183.33,223.02,470.98,17.95,11.51,11.16,9.2,7.75,2.45,1.41,1.03,1.71,2.37,3.01,6.06,2.74,3.93,1.6,2.03,1.89,0.82,4.71,6.17,4.27,9.09,3.71,6.13,2.9,13.75
"289",76470,76326,75826,75224,75027,98.36,94.01,92.16,97.06,95.29,55.48,58.7,57.25,55.5,59.75,1.57,5.53,6.37,3.88,2.63,3.62,5.7,7.68,6.65,5.51,69,71.86,71.56,69.36,73.24,2.14,5.66,8.19,4.59,2.63,87.49,208.41,190.78,100.92,133.2,4.31,8.71,13.19,6.77,7.79,180.52,246.51,263.3,266.31,327.12,218.53,270.8,289.39,282.07,333.11,45.76,36.93,34.56,35.45,30.02,2.73,7.36,10.87,5.89,3.28,685.34,792.51,848.7,910.13,1062.49,19.45,74.6,94.38,63.65,46.69,154.77,158.95,124.76,115.12,112.76,121.48,221.41,352.83,327.19,339.31,99.9,208.64,334.36,316.55,336.65,12.32,11.07,7.76,6.81,6.04,7.96,2.13,1.32,1.81,2.42,2.19,1.17,1.33,1.12,0.67,3.8,2.55,2.33,7.21,8.77,2.68,1.54,1.76,1.48,0.88,27.24
"290",98689,99211,99253,99599,99812,94.19,90.69,93.91,98.17,84.81,50.62,55.14,54.91,55.66,62.71,5.93,3.19,7.59,1.86,-0.2,8.08,10.7,12.34,6.74,17.85,59.49,62.36,62.78,62.72,67.09,5.88,2.9,7.9,1.83,-0.15,146.37,115.95,108.19,52.65,81.4,2.85,9.01,8.28,4.38,6.23,128.5,116.12,141.96,165.45,103.21,136.63,119.41,152.14,168.53,103.44,73.19,83.74,65.73,59.34,96.68,8.25,1.45,11.83,1.89,0.79,516.52,611.26,681.09,709.34,857,60.5,35.33,94.13,23.76,-2.67,153.47,211.58,197.29,254.1,319.15,139.28,179.81,284.61,156.5,328.99,115.22,153.54,245.44,152.25,307.72,14.17,17.31,14.94,19.57,19.81,2.54,5.99,2.1,10.69,-119.59,2.67,2.56,3.18,1.04,2.52,3.18,2.37,1.46,3.63,6.06,3.48,3.55,4.05,1.32,3.64,20.27
"291",70959,70709,70111,68297,67817,94.14,65.45,86.89,77.97,76.94,60.82,64.63,64.51,62.52,72.53,7.1,3.62,10.17,2.29,4.37,16.12,22.45,18.73,27.07,12.79,55.03,57.13,59.09,51.89,57.56,6.9,3.4,10.15,6.03,7.09,74.6,202.12,121.99,84.24,244.88,13.22,25.42,32.23,19.64,32.57,150.49,226.67,261.78,166.95,376.93,156.41,239.17,279.18,169.46,401.74,63.93,41.81,35.82,59.01,24.89,11.03,8.35,17.14,14.29,13.39,539.76,617.21,694.14,793.79,1004.25,63.03,34.53,109.38,29.14,60.57,172.42,146.72,124.01,110.03,93.41,266.51,663.7,645.77,797.51,797.74,247.91,637.39,621.81,780.24,780.34,18.29,10.06,10.01,6.76,5.19,2.74,4.25,1.13,3.78,1.54,2.37,1.98,2.07,1.5,1.4,2.19,1.76,1.3,6.55,8.31,3.55,4.3,3.34,2.89,2.68,20.33
"292",111324,111682,111748,110902,110843,85.88,88.82,95.13,95.73,83.98,52.96,58.19,57.64,60.2,68.29,5.57,3.07,12.35,3.2,2.29,22.38,6.44,13.27,11.93,17.88,54.19,59.13,61.07,56.7,59.84,4.79,2.75,11.75,3.34,1.92,80.82,234.8,130.24,58.45,100.42,5.17,12.51,14.93,8.43,7.2,106.71,253.18,185.32,141.66,124,107.24,294.45,202.9,150.18,126.88,93.25,33.96,49.28,66.59,78.81,7.94,4.16,15.26,4.63,3.27,493.83,563.47,627.97,705.3,860.78,51.94,29.75,134.53,37.46,28.85,165.33,172.34,176.66,180.87,184.78,292.53,207.62,326.59,262,372.6,272.35,190.21,296.48,230.6,340.32,15.23,15.81,15.43,14.78,12.31,3.18,5.79,1.31,4.83,6.4,2.19,1.85,2.82,3.48,3.07,2.2,1.62,1.25,6.18,7.46,3.19,2.62,3.62,4.95,4.77,18
"293",108388,107926,106970,100402,99635,89.93,82.43,90.12,91,82.58,65.8,66.19,65.95,66.18,69.44,3.7,9.02,8.12,3.74,2.36,12.06,17.01,13.66,15.18,17.29,57.11,60.09,55.95,56.87,59.67,3.34,7.51,7.33,3.41,4.22,112.8,162.56,131.35,79.16,114.92,8.05,15.44,17.87,14.01,12.94,135.16,201.54,227.11,185.48,176.62,138.69,208.24,236.48,189.37,179.89,72.1,48.02,42.29,52.81,55.59,4.74,13.62,15.59,6.67,9.07,773.51,841.68,972.16,1042.64,1200.81,43.5,114.65,119.76,58.92,40.77,156.47,141.49,126.96,122.92,108.82,230.83,509.64,522.38,526.26,649.75,215.24,493.99,506.59,513.92,634.7,11.97,9.17,7.76,7.1,5.2,3.6,1.23,1.06,2.09,2.67,1.43,1.18,1.05,1.11,1.17,2,1.84,1.03,5.57,8.64,2.09,1.85,1.51,1.66,1.84,20.03
"294",78148,78216,78054,76828,76774,91.08,89.83,98.32,87.73,95.34,43.6,41.83,41.1,37.36,49.16,22.36,10.36,23.12,15.04,15.27,24.15,7.03,18.88,19.84,13.77,54.71,54.4,62.35,60.28,64.1,20.37,9.32,22.76,13.2,14.58,130.05,319.92,138.82,138.05,149.06,28.46,41.62,48.23,48.88,55.49,226.39,783.7,374.22,365.01,530.37,226.39,783.7,374.22,365.01,530.37,44.17,12.76,26.72,27.4,18.85,24.28,12.34,25.89,17.27,17.12,324.12,308.9,334.73,317.75,452,166.23,76.5,188.34,127.92,140.4,0,0,0,0,0,416.16,392.27,545.17,652.73,659.63,416.16,392.27,545.17,652.73,659.63,0,0,0,0,0,0,0,0,0,0,0,0,0,0,0,0,0,0,0,0,0,0,0,0,0,0
"295",140022,140799,140791,139191,139240,93.9,90.75,95.14,96.41,91.55,59.55,62.21,61.57,63.07,68.02,9.24,7.06,10.33,6.33,7.33,9.65,8.29,14.64,13.71,14.07,54.1,56.44,57.62,55.56,59.81,8.78,6.44,9.84,6.14,6.73,162.27,205.29,100.39,67.55,109.17,11.75,17.26,15.44,8.46,7.38,181.32,336.49,197.8,153.99,149.76,201.79,342.78,205.54,159,153.65,49.56,29.17,48.65,62.89,65.08,11.15,8.95,12.77,8.3,8.68,724.1,798.28,864.02,969.07,1153.66,112.31,90.58,144.96,97.25,124.39,129.89,126.91,110.14,89.83,69.78,267.48,372.49,460.71,384.69,415.56,237.82,369.62,443.63,363.48,395.45,10.03,8.98,7.47,5.64,3.77,1.16,1.4,0.76,0.92,0.56,2.61,0.44,1.28,1.63,1.44,3.19,2.6,1.69,5.24,9.31,3.45,0.59,1.6,2.09,1.88,13.99
"296",59715,59864,59898,59547,59538,90.89,86.12,83.1,94.22,87.49,41.52,45.93,45.75,44.98,57.66,11.27,12.09,16.35,8.79,3.85,24.96,20.09,22.02,16.32,18.5,56.2,61.8,62.72,59.65,62.63,10.24,10.41,13.6,8.34,3.55,72.13,127.71,155.34,83.9,83.18,13.12,15.69,23.58,21.77,15.31,120.77,175.98,216.79,225.42,178.07,121.96,182.48,220.13,229.89,180.2,81.99,54.8,45.43,43.5,55.49,10.83,13.42,17.68,11.67,4.04,319.12,363.21,412.33,434.68,591.68,86.59,95.64,147.4,84.98,39.51,69.99,54.87,48.75,42.91,36.78,289.51,333.79,474.73,401.4,409.61,276.58,318.85,468.64,395.27,403.48,8.28,5.98,4.49,4.18,3.14,0.81,0.57,0.33,0.5,0.93,1.62,1.72,0.61,0.87,0.77,1.03,1.5,0.99,6.41,7.86,1.95,2.16,0.79,1.05,0.99,5.58
"297",157346,156939,155955,151424,150706,89.78,87.93,92.21,94.78,89.19,55.95,59.85,58.97,60.88,67.6,5.5,7,11.26,1.94,0.58,12.27,19.1,8.37,14.05,16.12,64.72,67.28,65.88,62.58,64.99,4.97,6.17,10.96,1.84,0.52,127.74,94.4,243.25,46.44,66.51,10.84,10.7,20.2,9.9,7.64,158.66,135.71,324.57,167.06,122.81,165.58,138.07,359.73,172,124.42,60.39,72.43,27.8,58.14,80.38,6.8,7.53,15.44,2.77,0.72,553.04,649.96,732.57,800.87,976.36,54.38,76.04,139.95,25.5,8.43,268.97,298.48,297.42,320.5,363,231.82,344.98,377.96,378.2,362.78,216.4,329.19,362.19,362.67,343.37,24.43,24.17,22.07,23.09,22.41,4.95,3.93,2.13,12.57,43.06,2.09,1.77,1.5,2.32,2.81,2.81,2.04,1.51,5.21,7.19,2.8,2.43,1.93,3.01,3.8,49.03
"298",118020,117137,115955,113186,112247,91.35,86.14,87.23,98.73,97.94,59.87,62.62,59.78,58.5,66.49,9.86,12.43,12.42,4.55,0.86,13.93,8.48,12.56,9.78,7.46,62.64,67.12,65.89,61.43,67.52,9.01,10.72,10.84,4.53,0.9,132.55,351.68,215.08,56.43,37.09,10.68,25.96,34.38,30.1,21.18,166.33,431.63,356.47,342.91,314.1,180.17,471.62,413.3,394.51,370.69,55.5,21.2,24.2,25.35,26.98,13.41,13.77,17.35,11.22,1.76,598.31,688.84,722.02,767.17,931.76,98.55,136.74,149.98,59.69,12.02,134.47,124.73,92.65,65.75,36.61,293.03,431.47,661.72,564.33,444.63,262.62,420.71,628.06,535.49,415.03,12.29,9.77,6.69,4.95,2.56,1.36,0.91,0.62,1.1,3.05,3.16,1.05,2.56,2.53,2.33,3.1,2.11,1.96,7.22,10.04,4.5,1.6,3.67,3.31,2.99,13.71
"299",152877,152450,151731,149422,149083,90.77,79.72,89.5,94.34,90.22,66.51,69.77,69.7,72.67,77.32,9.9,6.89,7.96,7.45,7.39,15.16,18.64,18.54,8.61,16.12,54.61,57.84,56.93,49.82,51.83,9,6.35,7.21,7.04,6.69,124.62,151.53,94.07,154.26,102.43,5.6,13.38,13.95,13.47,17.67,112.9,132.51,139.13,218.96,151.14,122.13,143.79,146.89,263.77,159.59,81.88,69.55,68.08,37.91,62.66,11.76,9.3,9.65,9.75,9.83,683.66,769.39,852.72,1095.44,1270.27,101.79,75.95,97.42,112.33,121.35,222.65,223.75,244.58,198.84,298.56,320.42,419.9,427.1,396.27,514.87,202.15,338.29,376.35,346.75,466.58,19.66,16.18,17.89,12.44,16.4,2.19,2.95,2.51,1.77,2.46,11.08,6.24,3.96,4.02,3.61,3.25,2.09,1.41,7.37,5.84,14.32,8.96,5.07,5.6,5.13,6.12
"300",71807,71451,70687,68607,68166,86.36,91.73,91.25,94.15,89.08,75.04,77.58,75.47,71.68,77.64,7.81,10.58,9.98,9.34,7.85,11.94,16.92,10.91,13.25,11.22,67.39,66.94,68.28,69.49,72.55,8.48,9.72,9.15,8.81,6.99,188.78,107.61,177.44,112.25,172.7,12.52,10.96,16.35,16.8,19.15,216,158.14,234.36,219.21,256.23,216,165.64,262.44,228.83,284.63,46.3,60.37,38.1,43.7,35.13,13.39,11.48,14.25,12.69,9.39,954.5,1113.38,1120.38,1139.19,1355.08,99.34,151.82,148.16,148.4,136.99,359.3,327.38,296.66,268.94,233.73,343.46,466.54,463.91,521.49,615.49,343.46,432.79,429.69,503.72,578.54,24.39,20.93,18.24,15.93,11.93,3.62,2.16,2,1.81,1.71,0.71,2.63,2.4,2.03,2.96,2.91,2.26,1.6,6.17,9.03,1.06,3.81,3.3,2.68,4.13,0
"301",85757,85179,84435,82087,81371,85.59,77.89,82.36,86.98,90.7,72.68,74.91,73.21,70.32,77.38,8.26,5.94,7.45,3.33,2.76,14.65,24.68,18.87,18.41,11.18,64.99,62.12,65.28,66.43,67.99,7.33,5.04,6.5,2.96,2.54,159.38,111.37,134.14,83.9,106.26,6.66,6.11,9.94,3.43,2.9,141.92,123.57,149.52,115.08,123.86,149.41,125.44,156.11,118.06,126.11,66.93,79.72,64.06,84.7,79.3,10.77,7.95,11.37,4.08,3.51,715.84,850.84,866.66,878.71,1072.49,81.32,67.42,88.13,41.63,38.19,294.72,268.86,237.33,190.2,175.9,259.34,467.03,431.58,375.75,229.99,231.67,439.17,397.68,321.84,214.02,25.61,18.44,16.51,13.24,11.51,3.62,3.99,2.69,4.57,4.61,3.12,2.26,2.61,4.77,1.89,2.78,1.92,1.5,7.65,7.3,4.53,3.85,3.99,6.79,2.57,29.61
"302",33740,33489,33205,32062,31837,92.68,80.86,89.88,95.49,79.12,79.85,78.44,78.56,73.11,81.96,3.67,6.04,6.84,8.92,4.8,11.01,22.06,17.87,8.06,27.44,66.36,65.88,67.3,65.58,67.63,3.44,6.22,6.15,8.91,3.84,97.08,111.72,89.25,171.06,86.65,2.15,4.88,5.58,9.97,3.48,116.84,106.21,108.35,218.36,111.92,119.48,106.97,109.13,230.9,112.21,83.7,93.49,91.63,43.31,89.12,4.11,10.54,9.98,13.24,7.27,1184.81,1398.66,1445.45,1538.45,1849.11,54.39,107.7,125.81,187.75,108.19,376.32,392.67,440.64,438.56,421.49,238.83,565.36,442.14,405.54,931.41,211.18,507.22,407.17,387.75,911.24,23.51,17.81,21.52,19.9,14.78,6.92,3.65,3.5,2.34,3.9,2.34,2.95,1.98,2.17,1.76,2.59,1.78,1.24,6.86,7.12,3.65,5.27,3.08,3.12,3.05,35.31
"303",210940,211259,210689,211700,211735,86.05,84.22,76.26,77.34,84.83,59.04,60.66,59.36,55.62,58.37,30.52,12.56,21.26,18.55,16.09,21.94,17.35,23.47,39.2,22.29,57.31,48.68,54.64,56.69,59.58,26.29,10.73,16.22,14.35,13.65,239.28,170.52,216.98,91.12,141.23,32.08,37.93,50.55,46.42,53.93,261.63,302.16,337.83,207.53,344.24,292.93,347.53,376.14,215.89,367.48,34.14,28.77,26.59,46.32,27.21,40.33,15.3,26.45,23.12,19.72,489.64,511.48,534.15,474.39,526.64,253.12,105.89,191.31,158.18,145.19,264.26,229.36,194.91,158.99,140.98,505.84,572.65,852.31,1001.66,818.41,474.46,537.91,817.31,966.83,797.75,27.42,22.91,16.52,14.42,13.26,1.04,2.17,1.02,1.01,0.97,4.06,3.9,3.21,4.18,3.02,2.94,1.9,1.49,7.07,8.15,6.37,5.92,4.99,6.54,4.28,24.75
"304",80154,79525,78506,74951,74124,96.51,86.92,92.27,95.77,74.88,70.71,73.22,72.22,70.41,73.53,9.82,6.94,6.05,6.4,1.63,11.26,10.36,12.61,5.86,26.52,65.57,63.66,63.27,60.3,63.53,9.92,6.82,5.66,6.16,1.25,117.46,204.42,106.37,185.63,99.04,10.99,19.57,19.55,22.3,16.97,179.88,297.45,252.24,479.52,163.27,186.66,299.2,256.21,499.8,163.82,53.57,33.42,39.03,20.01,61.04,11.66,10.51,8.64,7.36,2.84,817.5,963.99,1038.8,1207.53,1273.59,113.5,91.39,86.97,109.76,28.16,17.09,30.18,26.35,21.38,16.19,258.06,425.05,504.88,504.6,1012.99,246.83,423.8,499.78,499.27,1007.59,1.43,1.99,1.69,1.19,0.7,0.15,0.33,0.3,0.19,0.57,0.96,0.12,0.36,0.32,0.25,1.55,1.86,2.11,2.24,2.34,1.25,0.18,0.49,0.44,0.41,2.35
"305",52336,51834,51149,49110,48693,87.25,94.3,94.85,97.89,85.68,69.89,70.82,70.19,65.88,71.54,12.82,13.27,13.41,7.78,6.67,19.65,11.66,9.14,15.73,24.04,66.37,64.75,64.06,62.8,66.01,11.19,12.54,12.73,7.62,5.72,128.66,168.67,216.19,57.69,79.17,18.2,25.01,33.31,24.85,14.13,196.93,331.62,503.11,247.43,155.86,197.81,331.62,503.11,247.43,155.86,50.55,30.15,19.88,40.42,64.16,15.94,18.32,17.86,9.96,8.87,1289.1,1474.3,1571.18,1651,2027.05,236.45,276.25,300.11,194.93,188.97,0,1.03,5.61,17.64,24.88,781.61,790.58,981.22,1067.77,1304.03,778.03,790.58,981.22,1067.77,1304.03,0,0.05,0.24,0.69,0.75,0,0,0.02,0.09,0.13,0.17,0,0,0,0,0,0,0,0,0,0.27,0,0,0,0,3.23
"306",109512,108436,106910,101833,100625,95.13,95.67,94.98,91.41,92.45,68.92,71.89,72.08,70.93,76.23,6.15,2.95,2.8,-0.56,3.12,5.75,6.41,7.8,12.46,8.4,61.08,57.15,56.62,56.93,59.41,6.63,2.9,2.67,-0.43,2.91,196.75,112.53,98.25,61.67,127.13,9.38,8.48,7.11,1.15,3.11,233.15,221.71,184.91,108.46,132.01,272.14,233.47,191.04,108.8,133.85,36.75,42.83,52.34,91.91,74.71,8.41,3.07,4.33,-0.81,4.17,862.68,1032.83,1134.97,1195.03,1487.23,77.02,42.37,44.11,-9.49,60.92,505.56,501.36,499.16,514.23,517.46,216.18,232.06,256.78,272.3,241.92,195.18,222.83,247.43,262.48,231.98,38.43,33.38,30.11,27.9,24.52,6.56,11.83,11.32,-54.18,8.49,3.12,1.38,1.06,2.34,2.44,3.96,2.29,1.65,6.48,8.03,4.01,1.8,1.38,3.18,3.37,95.32
"307",39100,38691,38237,37157,36886,95.21,85.87,93.47,98.96,95.85,72.77,76.4,72.92,67.92,77.22,5.84,10.24,5.22,9.22,3.27,5.5,18.65,9.91,5.28,8.57,50.29,56.04,56.57,51.56,54.84,5.56,8.8,5.38,9.14,3.14,198.34,129.76,117.05,202.82,83.87,9.26,11.19,14.75,14.97,10.44,158.74,156.2,192.84,307.73,199.98,183.71,163.35,215.91,404.41,226.04,54.43,61.22,46.32,24.73,44.24,10.12,12.94,9.44,12.37,4.57,977.58,1058.76,1033.5,1243.53,1420.49,78.47,141.98,73.99,168.83,60.18,345.58,312.96,332.27,298.77,257.49,166.52,502.07,355.76,418.15,420.46,135.22,465.8,319.05,374.99,376.99,24.49,19.39,21.91,16.15,13.42,4.4,2.2,4.49,1.77,4.28,2.84,2.68,2.72,3.4,3.42,2.53,2.22,1.38,6.59,8.6,4.15,4.35,3.76,4.64,4.74,27.95
"308",77352,76736,75900,73023,72227,97.82,92.73,92.84,92.95,75.24,71.27,75.23,74.17,71.56,77.17,5.27,9.98,1.08,2.24,-1.01,4.2,6.01,6.27,11.04,24.68,59.8,58.95,56.97,56.46,61.65,5.46,9.41,1.89,3.64,-0.76,180.56,309.63,132.9,80.99,96.38,2.98,11.34,13.69,9.81,5.97,165.61,279.36,296.44,177.47,77.25,173.3,312.53,322.75,184.31,62.57,57.7,32,30.98,54.26,159.83,7,11.18,3.84,5.62,-1.1,755.46,921.04,937.79,1009.89,1138.36,55.9,122.21,13.65,31.61,-14.94,318.03,307.55,299.93,299.39,287.13,81.54,233.27,281.04,330.54,620.8,76.37,220.24,269.84,315.42,305.49,29.35,23.3,22.02,19.72,14.64,5.69,2.52,21.98,9.47,-19.22,1.24,1.44,1.14,2.35,17.13,2.6,1.92,1.46,6.85,7.19,1.56,2.04,1.56,3.29,28.33,159.9
"309",74343,73567,72482,69539,68596,92.16,91.68,86.91,84.37,86.8,73.32,75.74,74.97,73.12,78.06,5.32,5.39,7.67,5.73,3.58,9.05,11.66,14.33,22.95,15.89,69.72,69.54,71.29,71.57,74,4.9,4.96,7.33,5.19,4.16,146.73,115.88,147.19,86.41,103.08,6.2,5.81,9.95,4.42,3.3,159.86,144.47,166.75,117.61,73.3,171.43,150.75,174.08,118.65,52.8,58.33,66.33,57.45,84.28,189.38,6.76,6.02,10.99,7.66,5.56,997.65,1146.14,1246.48,1354.32,1586.26,72.33,81.63,127.57,106.21,72.71,520.96,499.77,479.06,468.81,442.84,244.6,311.62,475.32,647.43,479.77,219.8,284.94,447.13,616.89,195.48,35.28,30.28,25.04,21.36,18.92,7.2,6.12,3.76,4.41,6.09,3.02,2.54,2.07,2.89,13.81,3.81,3.06,2.39,7.01,8.8,4.03,3.4,2.88,4.17,19.28,80.13
"310",89925,89152,87968,84897,84081,92.1,89.15,94.16,96.35,92.19,67.69,69.69,68.51,66.86,73.47,7.24,4.01,6.24,2.33,0.09,9.62,5.42,6.63,6.61,13.95,63.77,65.31,65.11,63.03,65.75,6.67,5.71,7.06,3.7,0.35,160.17,294.2,186.98,88.6,52.78,9.69,15.56,17.74,12.69,4.07,167.9,306.13,283.41,134.22,127.21,176.16,417.25,383.04,187.83,127.21,56.77,23.97,26.11,53.24,78.61,9.88,7.49,10.59,4.9,1.03,751.96,843.53,883.41,948.93,1149.65,80.38,48.52,80.5,33.13,1.34,401.31,368.9,327.26,286.09,288.86,206.59,313.72,375.26,337.98,322.53,193.24,277.83,328.65,184.26,322.53,33.27,27.17,23.9,19.42,17.02,4.99,7.6,4.07,8.64,215.57,2,3.24,3.78,11.77,1.36,2.7,2.21,1.57,6.89,7.98,2.93,4.81,4.97,15.78,1.87,81.12
"311",72000,71574,70928,69241,68712,88.11,89.28,93.71,90.22,72.95,70.84,73.37,68.7,68.19,79.38,13.98,10.48,15.32,9.56,9.22,16.49,8.84,10.76,20.94,23.32,61.58,64.2,67.76,66.85,65.38,12.33,9.37,14.36,8.64,6.73,161.77,259.16,215.89,85.19,167.74,7.6,16.02,22.96,15.13,21.73,142.82,240.29,275.31,160.66,196.9,150.77,306.8,340.06,170.02,207.9,66.33,32.59,29.41,58.82,48.1,17.18,13.58,18.79,11.67,3.33,686.22,747.33,770.76,799.64,1106.53,135.42,106.8,171.9,112.13,128.47,304.86,257.98,218.03,180.02,137.74,278.62,313.15,431.72,520.86,843.64,248.07,271.23,389.42,477.53,799.98,27.73,22.61,18.21,13.85,7.21,2.25,2.42,1.27,1.61,1.07,3.45,4.03,3.73,4.23,2.9,2.41,1.59,1.08,6.5,8.55,5.02,5.64,4.8,5.76,5.57,24.05
"312",45137,44933,44525,43434,43085,87.38,84.83,86.25,83.37,66.79,70.33,74.24,70.9,64.92,74.28,9.45,5.03,7.58,14.8,7.63,11.08,10.91,21.3,25.85,37.92,64.37,57.84,63.24,66.16,65.65,8.29,5.46,7.29,12.67,5.34,211.72,197.1,94.07,116.99,101.63,13.12,18.61,15.95,16.92,12.17,211.12,261.23,169.77,165.82,131.7,233.05,288.71,174.31,168.93,132.3,42.91,34.64,57.37,59.2,75.59,12.08,6.85,14.03,17.9,10.07,794.07,1000.83,979.38,1020.95,1301.82,106.69,67.75,104.76,232.81,133.67,133.93,107.83,86.36,66.42,48.39,322.07,479.19,624.57,811.14,1326.74,296.93,452.48,602.11,789.04,1308.17,10.36,6.78,5.39,3.52,1.84,1.26,1.59,0.82,0.29,0.36,2.25,1.85,1.51,1.37,0.83,2.9,2.46,1.94,5.74,6.59,3.25,2.97,2.19,2.05,1.56,15.45
"313",57642,56891,56077,53466,52919,90.9,88.56,90.53,96.97,85.89,70.92,73.71,74.51,69.12,76.47,10.21,13.4,12.71,10.02,3.69,14.9,16.39,20.96,15.93,16.04,69.76,69.64,69.19,69.92,69.77,9.29,11.87,11.53,9.75,3.23,128.6,155.05,100.1,77.11,109.32,5.05,17.31,16.72,16.48,26.68,115.29,150.43,147.16,140.2,153.8,119.07,162.04,156.74,151.81,167.68,83.99,61.71,63.8,65.87,59.64,12.58,16.43,15.95,12.41,5.51,963.91,1106.29,1244.85,1267.12,1553.5,138.8,201.1,212.38,183.76,74.97,417.41,499.63,517.47,602.09,889.76,307.33,471.39,684.72,564.62,723.47,254.49,412.74,606.14,474.35,626.98,27.92,29.48,28.04,31.85,37.62,3.01,2.48,2.44,3.28,11.87,4.26,3.9,4.54,6.29,5.9,2.59,1.51,1.01,4.76,4.83,5.73,5.48,6.24,7.95,8.91,20.49
"314",41223,40927,40511,38021,37653,89.75,91.11,92.55,93.84,74.06,78.52,80.61,80.02,73.88,82.22,10.37,8.18,12.84,13.77,3.63,18.79,14.48,13.47,16.54,30.27,57.06,58.38,62.36,63.14,64.66,9.34,7.53,11.95,13.48,2.75,105.07,115.33,153.94,118.92,92.42,6.61,8.89,12.92,12.92,8.87,116.05,135.67,185,171.06,118.98,118.05,141.68,202.87,180.53,120.05,84.71,70.58,49.29,55.39,83.3,13.43,11.85,17.07,18.6,5.03,1119.97,1270.33,1309.82,1403.9,1562.68,147.98,128.84,210.21,261.6,69.02,280.52,293.01,249.32,222.31,248.29,385.98,388.37,497.34,629.81,998.93,349.21,347.14,450.64,586.48,954.37,17.65,16.94,14.1,10.98,9.68,1.9,2.27,1.19,0.85,3.6,2.69,2.62,2.78,2.87,2.35,2.15,1.39,0.99,6.61,6.34,4.2,3.82,3.83,3.89,4.1,16.4
"315",65288,64966,64415,62084,61712,96.1,83.76,90.59,89,76.78,72.64,75.67,74.33,69.85,77.04,16.34,12.8,12.32,8.57,-1.17,17,15.89,19.58,23.79,21.61,54.67,54.01,57.07,57.84,56.93,16.09,10.85,11.27,7.63,-0.9,118.97,195.45,106.42,73.34,104.28,25.26,33.12,34.36,25.48,21.37,263.12,340.05,291.23,205.88,205.14,263.12,340.05,291.23,205.88,205.14,38.01,29.41,34.34,48.57,48.75,20.01,16.18,15.14,10.16,-1.21,799.02,981.84,1040.87,1062.2,1266.58,179.69,166.13,172.53,130.38,-19.3,0,0,0,0,0,496.04,726.76,870.37,893.59,940.42,496.04,726.76,870.37,893.59,940.42,0,0,0,0,0,0,0,0,0,0,0,0,0,0,0,0,0,0,0,0,0,0,0,0,0,0
"316",57395,57056,56762,54757,54379,91.15,72.01,87.78,87.97,96.98,67.74,70.91,72.43,65.42,75.04,8.89,7.04,8.35,3.93,5.15,18.57,23.09,18.77,14.09,10.9,49.34,49.77,49.66,51.23,51.71,8.11,9.67,10.43,7.91,6.24,89.57,164.51,105.16,111.74,71.21,0.85,0,0,0,8.54,104.04,155.71,179.26,180.15,107.54,104.51,159.94,189.19,194,109.29,95.68,62.52,52.86,51.55,91.5,13.47,15.91,15.81,10.86,8.41,782.71,917.77,1057.7,965.73,1250.65,102.75,91.08,121.91,57.98,85.88,295.23,357.24,320.31,291.87,377.71,279.19,605.13,623.98,491.27,256.32,250.84,577.73,585.23,451.1,211.41,23.29,19.87,19.25,17.39,21.98,2.87,3.92,2.63,5.03,4.4,3.05,1.97,2.68,3.35,4.04,3.5,2.27,1.8,5.52,6.48,4.11,3.38,4.01,4.63,5.55,36.46
"317",91446,91613,91216,88697,88530,92.95,88.7,97.37,95.19,92.73,72.1,74.74,73.78,70.26,76.17,11.03,10.44,9.44,6.98,-0.56,13.85,11.01,8.33,12.38,11.61,61.86,62,62.62,62.16,63.57,10.34,11.49,9.19,6.79,-0.48,130.15,209.14,147.44,91.62,55.12,2.55,9.64,6.15,2.54,2.87,121.86,183.01,204.45,149.35,97.21,127.96,209.2,246.49,158.67,96.84,78.15,47.8,40.57,63.02,103.26,14.39,16.15,13.07,9.38,-0.82,987.52,1166.63,1220.75,1276.97,1471.24,151.13,162.96,156.2,126.94,-10.74,360.87,305.63,252.15,214.21,248.5,305.39,416.45,390.54,423.93,280.97,250.72,361.88,335.72,378.83,247.09,24.49,17.37,14.84,11.22,11.93,2.39,1.88,1.61,1.69,-23.15,4.62,3.63,3.55,3.22,2.55,3.73,3.06,2.2,7.67,7.71,6.31,5.26,4.53,4.24,3.45,24.59
"318",56661,56465,55943,54165,53834,86.37,88.93,92.19,94.51,73.88,70.73,74.57,74.11,70.59,76.4,7,5.83,7.8,2.8,-0.13,16.38,18.42,8.68,12.95,27.72,61.94,61.36,63.29,62.35,65.89,6.11,5.29,7.2,2.75,-0.09,125.01,85.93,185.62,59.49,91.74,16.49,11.45,16.72,9.15,4.52,137.78,157.27,283.37,162.51,115.94,155.45,160.57,306.91,166.95,115.94,64.33,62.28,32.58,59.9,86.25,8.9,8.1,10.65,3.93,0.06,972.6,1148.39,1256.06,1353.16,1534.09,96.25,89.71,132.19,53.59,-2.69,299.22,283.19,268.33,262.8,262.71,506.78,544.74,474.95,482.28,894.04,389.53,525.85,455.89,462.59,894.04,18.79,16.35,14.6,12.96,9.67,3.11,3.16,2.03,4.9,-97.5,8,1.56,1.36,1.81,0.8,3.37,2.86,2.21,6.5,8.32,11.7,2.25,1.89,2.47,1.35,8.61
"319",92933,92826,92336,90318,89962,89.32,94.54,94.18,95.36,85.15,68.9,72.41,71.54,68.36,74.79,8.18,11.27,12.01,8.22,2.4,19.18,14.79,10.13,16.65,21.31,65.79,67.82,69.97,69.35,67.97,7.41,10.72,11.43,7.94,2.13,92.43,110.71,183.41,71.4,75.08,9.06,12.61,17.22,11.4,10.51,120.89,139.8,245.5,164.84,115.09,123.71,148.3,284.31,165.23,115.19,80.83,67.43,35.17,60.52,86.81,11.43,13.93,13.46,9.73,2.94,796.91,936.92,981.09,1012.06,1234.35,94.63,145.88,164.71,121.74,39.63,154.48,188.49,153.21,155,290.28,345.82,338.09,422.98,450.06,505.23,311.81,295.56,386.7,448.43,502.45,11.93,13.77,10.52,9.98,14.98,1.63,1.29,0.93,1.27,7.32,2.8,3.27,2.63,0.74,0.77,1.46,1.19,1.34,6.34,4.16,3.76,4.21,3.29,0.91,1.07,6.64
"320",62536,62054,61369,58153,57445,87.43,77.95,91.38,86.47,81.91,74.04,78.17,76.84,71.19,76.76,14.35,18.85,19.53,19.99,16.31,23.43,30.34,19.78,25.45,26.31,62.3,63.16,62.37,62.8,64.69,12.76,15.03,18.16,18.05,13.51,109.63,133.37,145.98,130.49,128.5,10.89,21.88,31.4,32.12,33.35,114.05,151.17,254.43,223.89,223.16,116.08,155.79,273.19,236,236.25,86.15,64.19,36.6,42.37,42.33,18.4,24.35,22.82,24.26,19.49,870.75,1055.86,1163.87,1242.28,1423.68,168.76,254.58,295.8,348.84,302.57,362.19,450.8,419.32,395.93,341.93,402.24,786.8,857.62,1171.15,1368.15,357.73,743.68,821.11,1124.57,1309.26,26.93,26.02,25.3,19.62,15.1,2.15,1.77,1.42,1.14,1.13,3.84,2.83,2.56,3.64,3.78,1.98,1.3,1.42,6.78,7.81,5.28,4.37,3.34,4.97,5.37,16.12
"321",41311,41039,40641,38727,38356,87.72,94.46,98.74,85.64,94.76,79.3,81.82,81.78,74.55,84.36,13.8,5.15,7.47,12.95,6.82,12.52,11.91,2.08,14.77,4.32,67.11,54.42,61.8,69.26,69.28,13.12,7.71,7.93,14.55,7.16,225.33,85.77,444.18,196.91,293.66,13.02,13.01,15.06,10.99,16.3,181.53,130.3,296.5,140.01,326.31,220.26,141.74,874.69,185.06,508.89,45.4,70.55,11.43,54.04,19.65,20.74,11.11,10.26,20.24,9.78,1037.91,1303.39,1291.4,1239.89,1458.42,180.67,81.97,118.02,215.34,117.96,596.59,657.35,572.28,318.01,262.41,432.36,366.93,363.51,746.99,428.79,355.65,289.71,272.01,464.42,370.11,39.99,38.98,35.79,16.38,14.38,3.3,8.02,4.85,1.48,2.22,6.27,5.17,6.25,15.87,4.45,2.81,1.52,1.46,8.05,8.56,9.07,7.41,8.07,22.14,5.77,21.89
"322",49970,49660,49192,48055,47686,93.73,90.73,89.46,98.37,90.17,70.14,73.01,71.97,67.38,75.66,9.59,6.9,10.58,9.75,3.81,10.91,11.19,3.94,12.63,10.83,67.25,67.87,68.5,68.28,70.32,9.04,6.27,9.81,9.7,3.81,147.03,145.83,609.51,87.44,125.99,11.31,12.16,24.65,17.25,15.93,185.82,190.54,489.71,90.93,225.61,208.97,214.24,851.15,71.81,251.3,47.85,46.68,11.75,139.27,39.79,12.07,8.86,13.83,11.89,6.17,799.1,909.69,988.95,1025.99,1195.82,109.23,85.91,145.42,148.51,60.24,486.7,451.48,409.02,324.29,287.72,297.56,351.42,475.84,561.3,501.59,263.54,313.16,429.09,142.61,463.84,40.04,32.88,26.63,20.95,16.42,4.46,5.26,2.81,2.18,4.78,4.42,3.85,3.75,28.85,3.45,4.04,3.24,2.67,8.61,7.9,5.93,5.46,5.31,36.85,4.81,57.74
"323",32940,32753,32431,30783,30546,81.29,65.35,78.54,88.98,77.97,81.58,83.23,82.37,74.82,86.35,6.28,2.28,2.08,9.25,-4.43,12.8,42.57,11.61,23.18,27.03,52.47,51.85,51.95,60.94,54.89,5.12,1.57,1.64,8.24,-3.44,212.92,76.35,228.5,79.02,61.59,16.95,9.86,22.24,22.94,5.45,174.73,98.04,289.68,165.98,117.28,192.43,97.95,320.03,170.66,118.08,51.97,102.09,31.25,58.59,84.69,8.93,3.01,3.49,12.87,-4.88,1122.71,1281.88,1397.02,1396.78,1772.47,86.41,35.1,35.32,172.66,-90.88,288.46,497.85,467.87,576.87,544.84,409.16,1140.24,733.31,908.58,974.26,364.32,1092.76,698.4,872.33,937.72,17.04,21.12,21.67,27.49,20.7,3.34,14.19,13.24,3.34,-5.99,3.04,2.44,1.97,3.04,3.28,2.29,1.99,1.65,4.78,9.13,5.35,5.32,3.62,4.6,5.95,14.71
"324",43900,43769,43556,42274,42114,85.35,86.47,85.71,80.09,84.35,68.85,72.83,72.49,66,77.2,7.75,9.86,10.9,13.57,8.95,19.22,15.43,10.89,26.79,34.54,68.16,69.34,68.75,67.87,70.33,6.63,8.55,9.35,10.88,7.57,113.47,155.03,253.18,121.53,57.25,8.83,16.42,25.89,16.98,8.09,120.95,168.54,304.48,184.27,114.72,124.94,185.44,377.37,194.71,115.44,80.04,53.93,26.5,51.36,86.62,10.82,12.63,14.43,17.25,10.93,618.26,749.22,817.32,855.79,1065.45,69.59,101.43,122.89,176.01,123.52,333.84,343.83,301.74,288.46,286.94,283.82,355.57,507.19,849.31,797.99,246.32,313.84,463.42,798.49,765.45,31.73,28.9,22.94,17.82,17.54,4.8,3.39,2.46,1.64,2.32,4.55,4.14,3.77,4.42,3.36,3.1,2.2,1.95,7.2,7.82,7.01,6.38,5.65,7.06,5,27.64
"325",34281,34050,33807,32374,32110,91.78,85.04,90.3,91.12,85.84,81.09,82.6,80.97,74.84,82.83,7.94,2.84,4.2,6.64,2.15,5.84,17.97,11.64,18.48,17.13,65.2,64.48,65.72,63.31,66.07,7.63,2.96,3.96,6.07,1.86,296.07,96.02,118.33,77.43,92.16,11.32,11.48,11.04,2.98,1.81,263.07,129.21,179.31,99.63,99.49,316.17,133.99,196.87,99.52,99.44,31.63,74.63,50.8,100.48,100.56,11.36,6.37,6.35,10.22,2.58,1272.72,1392.49,1456.49,1644.22,1856.29,124.6,47.88,75.53,145.88,48.14,548.04,598.53,552.55,524.49,539.08,312.4,539.46,497.39,589.3,490.38,283.23,480.72,447.11,462.65,450.83,32.05,30.19,27.74,21.75,20.65,4.4,12.5,7.32,3.6,11.2,2.66,3.63,2.96,6.66,3.21,2.98,2.19,1.56,6.48,8.2,4.04,5.83,4.34,9.82,5.02,56.04
"326",126334,127205,127769,129088,129698,85.92,81.05,82.03,86.66,91.49,54.23,57.08,54.3,52.21,57.29,17.13,8.82,14.26,7.61,2.34,36.52,23.9,21.19,20.81,9.98,61.22,56.04,60.14,59.14,59.05,15.04,7.21,13.82,6.95,2.4,70.31,112.47,156.85,94.78,107.55,5.57,12.63,15.98,4.53,11.36,81.58,135.41,174.88,157.03,196.08,80.18,139.85,184.53,162.68,214.75,124.72,71.5,54.19,61.47,46.57,19.7,11.94,20.58,9.36,3.28,565.72,645.66,659.92,647.85,785.55,178.7,99.73,173.24,94.43,32.12,343.19,347.4,309.75,277.52,246.64,436.44,493.52,553.03,519.87,347.5,398.74,452.94,516.92,490.02,318.67,28.27,24.89,20.91,19.38,16.46,1.92,3.48,1.79,2.94,7.68,3.53,3.3,2.72,3.34,3.26,1.49,1.58,1.35,6.47,8.11,4.88,5.1,3.96,4.62,4.39,13.53
"327",104526,103895,103001,100146,99433,90.5,93.37,96.39,95.16,86.07,75.79,77.6,79.21,77.48,81.3,5.35,4.85,6.47,3.91,-3.58,18.34,7.06,2.51,8.57,12.79,54.4,56.3,55.92,55.52,59.02,5.02,5.48,6.34,4.1,-1.42,74.55,165.24,424.74,99.98,82.96,2.8,9.38,14.99,12.47,12.45,104.24,129.73,511.49,223.09,157.09,104.64,147.14,746.48,245.6,161.44,95.56,67.96,13.4,40.72,61.94,7.22,6.14,8.38,6.01,-1.67,1034.35,1125.55,1277.03,1354.61,1433.73,73.08,70.35,104.33,68.4,-63.21,402.83,440.1,421.76,405.01,478.01,331.15,215.8,311.75,415.28,452.83,303.58,154.38,289.59,386.51,432.41,26.71,28.33,25.22,22.04,23.33,5.51,6.26,4.04,5.92,-7.56,2.7,4.64,1.79,3.05,2.72,3.27,2.41,1.87,6.71,7.37,3.85,6.22,2.41,4.16,3.93,47.83
"328",56328,55952,55496,52696,52299,89.22,80.91,86.59,86.86,65.2,78.24,81.9,80.57,75.75,84.52,6.3,10.09,8.8,6.35,4.61,16.36,19.52,23.28,22.88,39.1,57.65,61.82,61.21,58.89,63.19,5.67,8.42,7.77,5.74,3.01,100.31,154.42,87.8,77.28,94.69,1.21,15.08,11.36,6.42,0.92,105.93,134.42,129.54,104.45,99.41,107.41,140.99,134.59,105.12,99.37,93.1,70.93,74.3,95.13,100.64,12.14,8.45,12.12,10.38,5.16,910.04,1056.48,1104.89,1204.49,1435.1,73.27,130.16,120.69,100.93,78.32,134.99,207.32,192.8,231.51,239.96,282.26,450.31,575.48,530.81,1102.91,228.93,396.62,510.61,464.39,1033.12,10.35,13,12.17,12.65,9.21,1.84,1.59,1.6,2.29,3.06,4.38,3.48,4.2,4.19,3.23,2.78,0.85,0.84,4.42,6.02,5.94,5.43,5.84,5.9,6.15,7.03
"329",69678,69263,68775,67001,66720,95.89,83.56,89.14,97.37,88.12,76.83,80.65,77.75,73.68,81.46,6.74,7.61,6.86,6.9,0.01,21.89,14.98,15.85,8.55,7.09,68.35,63.58,67.08,71.09,72.79,6.46,7.49,6.87,6.73,0.03,42.17,167.66,108.58,110.32,176.59,2.59,10.16,11.44,11.76,14,45.02,169.84,169.69,221.28,281.44,38.5,174.69,173.15,238.76,308.1,259.73,57.24,57.75,41.88,32.46,9.49,12.23,12.24,9.71,-0.32,880.66,1104.68,1068.96,1073.14,1284.55,77.26,104.3,94.27,100.5,0.08,416.23,403.22,394.1,386.26,370.2,150.87,404.91,429.52,320.88,388.58,115.36,389.41,417.54,302.62,370.89,34.82,24.6,25.55,25.82,20.69,5.39,3.87,4.18,3.84,4527.98,3.74,1.47,1.1,2.74,2.7,2.22,2.14,1.26,5.88,8.3,5.39,2.75,1.69,3.81,4.3,26.02
"330",26825,26625,26396,25274,25015,73.58,80.11,96.39,96.1,68.27,80.47,81.72,81.4,71.65,85.89,3.25,4.83,2.28,10.99,-0.47,28.17,24.35,11.8,8.02,32.46,62.62,64.81,66.93,66.61,68.62,2.48,5.04,2.35,10.86,3.35,103.18,96.81,46.02,193.93,95.23,10.36,14.38,9.75,15.09,7.63,137.1,138.39,177.31,296.59,122.03,137.1,138.39,177.31,302.43,123.14,72.94,72.26,56.4,33.07,81.21,7.24,7.39,6.87,14.65,7.9,964.85,1091.03,1145.94,1231.86,1473.41,38.92,64.44,32.07,188.96,-8.11,419.06,504.85,509.17,527.87,491.73,623.89,566.05,326.47,407.31,1061.79,623.89,566.05,326.47,403.35,1020.22,25.72,30.29,34.86,29.51,19.57,10.77,7.83,15.87,2.79,-60.6,0.76,0.63,0.5,1.89,3.3,2.96,2.06,1.43,5.67,8.41,1.47,1.11,0.71,2.64,6.5,0
"331",22796,22555,22376,21101,20983,93.84,93.23,92.47,99.3,76.7,71.67,74.12,70.47,61.34,69.75,8.9,7.36,4.54,11.51,0.2,10.79,7.23,12.34,4.67,25.8,68.12,67.96,69.96,70.29,69.35,8.77,6.87,4.19,12.07,0.16,140.36,202.57,94.36,281.86,88.1,10.36,14.22,11.37,16.7,7.19,187.61,264.89,179.65,376.83,125.33,200.24,311.22,191.53,487.76,127,49.94,32.13,52.21,20.5,78.74,14.45,9.77,9.04,15.96,0.7,1385.69,1619.33,1572.3,1672.92,2038.34,171.99,160.9,101.2,314.02,5.95,350.94,310.35,268.14,236.96,171.57,457.15,535.37,618.75,624.27,1354.66,426.45,491.03,574.06,576.88,1287.94,17.03,13.24,11.11,8.63,4.5,2.04,1.93,2.65,0.75,28.81,1.87,2.08,1.91,2.16,2.13,2.2,1.43,0.53,5.06,8.46,2.88,3.4,2.91,2.98,4.01,25.16
"332",47168,46955,46669,45636,45353,99.17,97.67,95.41,94.17,87.27,59.25,63.13,58.34,56.27,67.63,9.26,2.97,12.23,8.4,2.55,1.38,4.11,3.44,10.54,20.3,67.24,64.43,68.35,67.54,67.04,9.19,3.06,11.68,7.92,2.24,795.56,128.76,544.56,135.18,69.05,8.89,8.9,20.41,22.34,10.46,309.91,295.02,685.29,311.43,155.22,805.57,319.07,783.63,319.83,155.95,12.41,31.34,12.76,31.27,64.12,11.4,4.29,14.07,9.58,3.44,691.19,786.71,832.1,862.74,1129.9,108.04,37.03,174.44,128.75,42.58,162.19,156.53,149.99,146.81,142.22,154.32,171.71,357.26,535.67,652.32,119.34,165.33,349.76,529.1,646.81,13.79,12.27,10.03,9.02,7.43,1.5,4.23,0.86,1.14,3.34,3.39,0.72,0.64,0.96,0.87,3,1.77,1.34,6.18,7.83,4.07,0.89,0.78,1.21,1.21,13.89
"333",87231,86868,86116,84302,83734,98.76,94.47,94.56,96.85,87.95,67.54,69.13,67.53,65.62,72.46,6.52,5.96,8.56,4.05,0.06,6.14,8.22,9.65,6.95,16.13,60.08,58.79,61.42,60.73,59.91,6.48,5.67,8.21,4.47,0.45,127.15,140.31,146.59,101.97,71.58,13.42,13.86,13.41,14.48,8.35,242.93,256.53,254.74,281.93,133.4,256.57,274.17,275.84,312.2,135.32,38.97,36.47,36.25,32.03,73.9,8.2,8.11,11.69,5.51,0.93,773.12,883.28,914.77,959.16,1213.81,74.64,76.12,116.02,59.25,1.08,260.85,249.83,233.96,221.56,249.9,186.38,307.13,382.98,344.46,454.35,179.69,295.01,364.94,327.03,435.79,22.51,18.47,16.33,14.68,13.12,3.49,3.28,2.02,3.74,230.47,1.23,1.37,1.52,1.94,1.95,2.89,2.59,1.59,5.37,7.43,1.59,1.88,1.98,2.49,2.75,112.75
"334",145198,145393,144662,141941,141538,93.88,90.82,97.34,98.67,95.18,64.31,68.69,68.5,68.32,75.36,7.81,9.01,8.99,6.94,5.68,8.95,8.36,8.8,9.22,11.42,66.84,64.82,64.16,64.03,64.19,7.88,11.21,9.63,6.99,5.76,158.19,230.36,133.47,87.8,88.4,13.63,17.68,16.93,13.53,13.37,160.39,273,247.71,225.26,194.4,193.92,345.15,301.37,245.16,194.4,51.57,28.97,33.18,40.79,51.44,10.03,13.39,12.13,7.93,6.96,641.11,764.11,831.49,898.28,1141.25,77.83,100.27,109.1,91.28,86,211.44,172.64,134.8,117.65,156.85,225.24,357.26,359.86,324.26,357.93,175.1,318.74,321.15,304.53,357.93,19.91,14.09,10.81,8.83,9.86,2.72,1.72,1.24,1.29,1.82,5.24,3.66,3.27,1.92,0.63,2.62,3.64,1.55,5.01,6.39,6.46,4.73,3.87,2.27,0.76,11.06
"335",75917,75907,75509,73963,73694,86.42,82.33,91.4,90.34,90.06,53.63,57.45,56.39,54.33,60.37,9.03,12.03,13.77,11.99,8.61,13.08,22.96,17.18,23.94,18.43,66.9,67.13,68.9,67.82,71.41,7.86,9.93,12.79,10.93,9.15,180.79,127.73,129.63,81.85,95.16,13.56,15.76,21.02,14.54,11.01,138.55,144.44,190.24,140.77,144.1,160.98,155.68,208.71,145.9,150.91,62.12,64.23,47.91,68.54,66.26,11.35,14.71,17.24,14.62,12.8,575.06,692.07,734.58,782.17,955.76,96.86,144.87,179.38,172.59,136.23,394.88,369.9,370.53,376.73,375.12,321.63,571.81,533.81,632.29,543.69,236.27,491.85,486.13,582.07,493.22,31.83,25.28,26,23.64,21.34,4.08,2.55,2.07,2.18,2.75,7.57,5.85,3.65,4.46,4.3,2.17,1.53,1.19,5.53,6.68,10.66,8.94,4.85,6.09,5.81,10.06
"336",51988,51940,51819,51528,51622,88.09,66.79,94.95,86.47,72.59,59.06,63.12,62.05,57.7,72.9,10.87,10.42,16.66,13.08,22.5,18.28,41.27,12.95,24,31.01,60.99,64.85,66.25,62.09,68.85,9.58,6.97,15.83,11.32,16.37,122.38,95.59,177.18,104.68,172.96,24.8,13.6,23.79,19.02,30.63,185.37,131.02,267.25,174.39,215.16,197.82,132.36,301.98,180.17,221.12,50.55,75.55,33.11,55.5,45.22,10.8,11.08,20.45,21.34,28.56,525.04,611.65,679.86,696.86,1040.83,96.67,101.01,182.54,157.98,321.25,383.93,357.99,330.61,306.69,280.39,376.39,833.42,438.56,622.96,1125.51,350.53,807.12,410.35,597.17,1099.77,38.04,24.67,28.65,21.96,14.26,3.97,3.54,1.81,1.94,0.87,3.48,2.27,2.81,3.31,2.46,2.42,1.86,1.26,6.69,8.04,4.89,4.23,3.57,4.74,4.57,35.87
"337",71595,71507,71140,70111,69862,88.71,87.79,92.38,92.72,77.46,66.34,68.57,68.54,67.32,73.7,14.46,11.87,14.83,12.63,9.14,18.71,17.88,16.16,14.92,33.38,69.31,70.33,68.9,64.23,65.03,12.94,10.55,13.71,11.73,7.46,138.11,134.34,140.61,133.72,83.99,5.37,8.42,10.8,6.66,1.45,126.46,143.6,174.16,175.08,108.22,130.72,149.97,182.31,187.17,108.68,76.5,66.68,54.85,53.43,92.02,16.3,16.73,16.98,14.77,13.28,758.38,842.96,955.96,1059.06,1276.83,165.3,145.98,206.85,198.78,158.31,267.91,233.52,209.43,190.41,170.62,330.51,388.23,442.46,489.93,900.2,294.2,353.78,417.31,451.13,856.97,20.79,16.68,13.87,11.22,7.63,1.62,1.6,1.01,0.96,1.08,3.33,2.73,1.81,3,2.52,2.49,1.6,1.04,6.37,7.69,4.63,3.77,2.39,4.17,4.09,18.34
"338",83008,83035,82793,82634,82305,79.64,79.4,83.98,81.29,65.47,46.01,47.72,49.49,44.79,59.79,19.25,18.75,17.31,16.11,14.04,34.03,25.45,32.2,37.48,31.68,53.07,53.68,51.85,50.88,51.66,15.37,14.89,14.53,13.12,9.26,107.58,161.16,92.62,77.82,167.56,15.06,12.89,11.25,9.2,12.06,119.8,190.68,143.38,121.08,178.75,121.74,207.23,148.57,122.59,184.88,82.14,48.26,67.31,81.57,54.09,20.58,20.5,20.99,18.31,17.79,309.6,340.23,394.39,385.69,586.77,129.5,133.67,137.91,138.73,137.83,200.86,164.72,200.19,169.49,212.64,368.73,445.84,502.58,561.9,753.54,341.27,409.77,465.1,530.81,723.1,23.77,18.34,21.1,16,14.19,1.55,1.23,1.45,1.22,1.54,3.64,4.37,4.13,3.96,2.84,1.65,1.92,0.86,6.42,5.68,4.99,6.1,5.48,5.67,5.57,12.09
"339",56494,56428,56220,56183,55976,79.85,76.95,78.1,88.33,73.09,49.85,54.2,52.23,51.02,60.71,14.87,13.87,21.63,13.06,8.97,20.86,32,18.86,30.09,45.91,66.17,66.81,66.82,61.19,64.61,11.88,11.85,16.89,11.56,6.58,178.74,108.1,272.75,70.21,59.26,4.81,3.75,12.86,29.58,5.12,175.94,144.08,325.94,176.55,98.7,191.82,148.98,372.71,183.24,98.64,52.13,67.12,26.83,54.57,101.38,18.6,18.47,24.27,16.09,11.36,535.18,638.03,726.49,774.24,974.8,159.67,163.23,300.8,198.21,144.04,429.97,448.28,397.5,401.59,562.07,512.39,763.9,996.54,1089.86,1276.39,462.04,710.83,944.1,1040.29,1223.69,31.98,29.31,22.32,23.38,25.59,2.69,2.75,1.32,2.03,3.9,4.57,3.96,3.23,4.11,3.67,2.58,1.68,1.26,5.24,4.98,6.65,6.16,4.81,5.57,6.37,22.07
"340",86925,86473,85707,82314,81823,86.85,86.37,87.73,94.16,85.9,67.22,72.2,69.28,64.02,71.24,13.26,12.37,13.8,8.89,9.2,15.79,20.01,15.88,19.63,18.93,61.93,60.04,63.4,65.1,66.8,11.53,10.69,12.2,8.39,7.91,174.62,128.37,170.76,67.79,120.81,16.05,18.27,27.51,23.17,22.36,204.67,191.42,283.72,208.59,224.92,213.61,196.48,292.72,210.53,227.05,46.81,50.9,34.16,47.5,44.04,15.67,13.21,16.72,10.29,10.58,679.96,840.06,833.51,781.64,962.67,134.12,143.91,165.98,108.48,124.35,51.12,37.27,28,24.3,19.55,365.47,515.41,582.6,577.03,655.41,351.42,501.29,573,572.17,650.52,4.39,2.77,2.04,1.87,1.24,0.38,0.26,0.17,0.22,0.16,1.32,1.1,0.72,0.47,0.42,2.54,2.01,0.82,5.08,8.45,1.72,1.48,0.95,0.58,0.56,9.24
"341",130026,130005,129830,128948,128839,87.14,82.07,90.22,90.51,83.34,60.19,61.54,62.33,60.87,66.78,12.17,15.84,16.59,8.96,9.24,12.71,25.16,20.37,21.95,29.93,51.62,56.73,54.82,56.18,60.98,10.63,13.01,14.99,8.19,7.7,210.5,133.21,128.51,76,75.4,16.18,18.6,20.71,19.49,14.32,209.72,170.63,192.81,146.56,116.89,245.13,180.09,207.55,152.75,118.43,40.8,55.53,48.18,65.47,84.43,17.29,20,20.74,11.49,11,446.9,497.35,564.35,552.59,645.58,90.35,128.06,150.18,81.38,89.33,162.7,132.07,101.55,144.23,206.99,263.5,442.54,431.77,385.85,478.21,232.85,411.89,401.07,354.95,443.83,19.09,13.41,10.12,14.38,17.85,1.8,1.03,0.68,1.77,2.32,4.08,3.32,3.17,3.6,3.78,2.51,1.58,1.07,3.58,4.55,5.89,5.02,4.35,4.97,5.41,13.31
"342",79171,79114,78598,77604,77300,83.18,86.75,89.98,86.05,80.25,51.53,54.61,53.41,51.99,60.29,15.73,13.27,15.84,12.4,9.81,19.81,16.06,21.14,18.67,24.67,66.86,67.86,69.4,67.49,70.61,14.21,17.36,16.92,14.15,8.51,172.69,172.11,119.57,142.31,116.52,11.84,20.96,20.11,14.29,11.4,177.51,239.37,202.6,206.89,200.39,187.52,260.66,216.1,235.65,200.6,53.33,38.36,46.27,42.44,49.85,18.88,24.01,22.55,19.63,13.03,484.22,554.81,588.66,628.17,801.08,147.81,134.84,174.58,149.78,130.29,294.14,268.61,237.64,175.32,175.2,392.09,465,570,637.85,788.16,366.83,439.26,537.27,572.49,787.35,26.04,22.94,19.4,12.49,10.58,1.99,1.99,1.36,1.17,1.34,3.1,2.88,2.97,5.42,0.91,3.32,2.96,1.53,6.16,8.15,4.45,4.01,3.86,7.61,1.37,38.68
"343",77304,77182,76782,75481,75123,93.83,93.38,86.22,93.15,89.31,63.29,66.77,65.16,64.12,71.38,7.43,6.29,6.76,6.55,2.21,13.97,17.7,8.11,21.96,16.92,68.19,68.79,67.52,65.68,65.57,7.53,5.93,5.84,6.11,1.98,93.16,66.37,276.46,52.87,71.26,18.45,12.99,21.47,6.24,6.99,209.43,146.51,334.6,122.26,94.21,209.43,149.49,402.7,125.49,93.74,47.75,66.89,24.83,79.69,106.68,9.13,6.84,9.33,7.13,3.6,762.73,878.34,938.75,1020.98,1256.2,89.5,82.69,97.32,104.27,38.96,423.65,459.17,427.16,373.69,506.71,379.27,413.34,511.63,586.32,356.94,379.27,396.36,477.23,525.49,328.43,32.99,32.59,25.56,21.86,25.71,4.73,5.55,4.39,3.58,13.01,0.53,1.64,2.3,4.22,2.15,1.61,1.33,0.93,3.05,2.72,0.66,2.09,3.11,5.46,2.89,0
"344",56799,57544,58255,59261,59778,65.57,88.42,86.18,81.57,63.85,55.07,53.72,53.21,48.37,57.21,26.55,25.62,26.58,23.85,22.87,44.71,25.84,24.05,43.4,47.13,55.84,54.91,55.04,55.93,60.15,17.41,22.66,23.05,19.49,14.71,133.08,149.41,183.26,79.55,115.59,22.97,41.82,53.22,37.54,35.39,158.98,282.55,365.59,178.81,180.6,158.98,282.55,365.59,178.81,180.6,62.9,35.39,27.35,55.93,55.37,25.55,28.69,29.17,26.94,24.35,437.21,427.58,466.75,444.36,536.29,210.76,203.94,233.17,219.16,214.44,0,0,0,0,0,749.82,582.7,745.66,959.24,1164.26,749.82,582.7,745.66,959.24,1164.26,0,0,0,0,0,0,0,0,0,0,0,0,0,0,0,0,0,0,0,0,0,0,0,0,0,0
"345",36883,36686,36517,35802,35694,83.86,94.7,93.72,91.29,83.6,51.89,53.51,52.6,48.34,55.87,15.98,7.72,14.13,14.27,7.78,21.84,21.14,8.24,13.94,26.27,66.93,65.05,67.8,65.7,67.96,13.41,7.39,13.27,13.39,6.52,150.01,53.8,270.09,171.48,83.39,15.92,8.06,18.56,23.56,14.85,174.47,114.88,299.52,264.94,152.52,180.83,115.97,346.56,285.86,154.06,55.3,86.23,28.86,34.98,64.91,17.91,11.08,17.32,18.66,10.01,700.99,800.03,871.51,917.11,1134.65,215.91,115.38,234.13,270.73,157.99,35.25,76.32,59.69,27.48,8.06,600.78,456.28,472.93,786.51,1047.65,573.66,429.02,442.81,753.1,1028.15,2.19,4.83,3.38,1.32,0.33,0.16,0.66,0.25,0.1,0.05,1.76,1.75,1.74,1.73,0.84,3.62,0.57,0.95,8.91,12.2,2.71,2.42,2.34,2.37,1.28,4.71
"346",75457,75675,75457,75157,75157,92.67,92.74,91.4,89.74,83.71,56.87,61.46,59.65,57.48,68.77,11.29,9.18,12.6,7.38,1.9,12.35,20.28,17.19,20.6,25.48,62.43,62.2,66.14,65.3,65.26,10.77,8.52,12.32,6.69,2.31,153.58,73.65,121.3,78.27,63.66,19.58,16.45,12.85,15.82,10.47,207.28,133.93,173.55,122.76,100.86,239.22,139.28,191.04,126.65,100.94,41.8,71.8,52.34,78.96,99.06,13.37,9.77,15.55,8.82,2.87,544.85,659.66,671.26,681.58,900.69,108.13,98.54,141.82,87.47,24.83,312.47,365.48,317.98,403.56,518.03,322.2,384.42,438.65,409.73,488.79,286.54,345.31,390.1,360.98,443.59,30.22,31.58,25.83,30.54,33.11,2.89,3.71,2.24,4.61,20.86,4.27,3.82,4.31,5.08,4.1,2.73,1.4,1.42,4.54,3.65,5.51,5.01,5.38,6.49,5.76,23.94
"347",59819,59826,59719,59110,58853,85.15,87.52,97.54,84.82,74.78,63.1,65.04,65.09,64.06,74.07,14.71,11.62,12.99,11.08,1.74,5.78,24.39,8.91,20.82,31.52,63.55,66.07,64.76,61.91,61.3,12.54,10.23,12.7,9.42,1.43,614.08,90.77,182.18,123.87,78.39,23.16,14.03,10.23,7.66,6.52,540.87,184.48,249.29,205,125.77,655.4,189.43,363.41,206.41,126.54,15.26,52.79,27.52,48.45,79.03,15.26,14.06,17.43,14.17,3.12,559.65,599.3,673.61,765.35,956.96,130.5,107.06,134.38,132.32,22.43,287.51,271.96,204.24,201.98,185.35,316.42,513.09,387.5,580.44,756.72,304.36,497.69,320.16,576.69,739.36,27.6,25.83,19.25,14.34,10.73,2.2,2.54,1.52,1.53,8.26,2.09,2.23,6.8,1,2.01,3.37,2.98,2.35,5.12,9.41,3.06,3.18,8.6,1.55,3.5,80.28
"348",161526,161581,161006,159095,158694,87.92,87.38,87.61,85.94,83.11,60.18,63.06,61.63,61.86,68.44,11.58,9.59,10.62,2.43,4.85,13.08,13.34,22.69,20,19.5,64.74,66.8,67.05,67.45,69.04,10.39,8.67,16.14,6.77,4.66,190.34,172.62,94.43,77.01,109.23,1.45,1.81,3.53,0.79,9.51,167.7,208.74,145.43,128.49,146.12,180.75,227.43,149.01,130.91,149.66,55.32,43.97,67.11,76.39,66.82,13.41,11.35,22.03,10.13,6.09,622.32,698.87,742.4,751.87,976,119.71,106.24,127.94,29.49,69.13,255.58,228.99,232.96,276.56,252.06,275.19,377.35,495.6,413.3,517.03,248.68,350.84,470.75,388.16,491.82,21.73,18.05,16.94,19.55,14.69,2.14,2.16,1.82,9.38,3.65,2.9,2.5,2.04,2.7,2.77,2.96,2.29,1.37,4.69,8.86,3.89,3.39,2.7,3.7,3.9,28.54
"349",55404,55436,55176,54765,54578,98.08,97.59,96.29,97.42,74.59,56.98,60.12,58.06,55.7,61.3,10.32,2.38,2.42,5.18,1.97,5.6,3.17,5.19,9.52,27.3,66.36,62.44,67.8,67.49,71.07,10.24,2.37,2.35,5.06,1.48,231.03,151.87,117.32,78.52,97.91,9.43,8.62,12.48,7.61,5.88,239.77,292.47,259.69,194.15,121.43,280.93,376.53,276.11,194.15,121.43,35.6,26.56,36.22,51.51,82.36,12.67,3.54,3.8,6.09,2.91,782.22,925.9,889.42,966.22,1157.35,141.69,36.63,37.05,89.91,37.1,29.87,8.38,54.37,54.78,54.97,226.49,206.63,234.5,335.91,843.91,205,185.16,226.08,335.91,843.91,2.13,0.53,3.42,3.08,2.17,0.21,0.23,1.47,0.61,1.48,1.61,1.38,0.54,0.18,0.15,3.55,4.4,0.29,5.97,6.75,2.12,1.9,0.7,0.24,0.25,4.93
"350",136261,135928,134939,131533,130888,93.41,90.11,92,91.9,84.26,63.12,66.96,65.72,64.42,69.77,6.46,4.83,7.43,0.64,1.05,11.39,13.27,13.51,14.25,23.17,61.84,61.35,63.03,62.71,63,6.04,4.38,7.34,0.79,0.95,112.45,108.61,111.58,57.3,66.12,3.08,8.1,11.79,7.54,2.73,104.36,107.28,142.23,114.71,83.24,105.32,108.74,150.51,117.11,81.86,94.94,91.96,66.44,85.39,122.17,7.59,5.91,10.5,1.87,1.19,767.85,917.83,963.54,987.2,1231.21,78.62,66.27,108.99,9.84,18.54,323.41,390.09,432.13,484.39,593.78,186.45,256.92,360.63,337.72,474.61,153.99,217.02,319.08,296.32,431.08,24.84,25.64,27.12,29.05,28.35,4.11,5.89,3.96,49.25,32.03,3.24,3.09,2.95,3.79,3.76,3.01,1.81,1.27,4.49,5.93,4.23,4.28,3.84,4.96,5.33,29.98
"351",63121,62962,62615,61547,61387,88.73,94.44,88.67,92.21,84.69,58.29,59.69,57.22,53.53,60.19,11.26,10.11,11.9,5.82,3.18,15.3,14.54,12.87,22.97,18.78,65.62,63.05,66.29,63.11,66.58,10,9.69,10.56,5.38,2.75,149.58,104.66,189.7,50.82,94.91,8.23,4.08,9.58,2.7,4.84,120.19,121.69,159.63,74.05,88.4,126.51,128.27,183.04,69.48,86.06,79.04,77.96,54.63,143.93,116.2,14.23,13.65,14.73,7.41,3.98,750.94,866.49,850.96,858.68,1115.91,145.12,146.77,176.95,93.32,58.9,666.01,600.38,527.73,641.9,723.48,325.84,352.01,430.11,392.32,441.16,261.15,284.7,354.13,312.93,357.32,45.87,39.06,31.46,36.9,33.05,4.59,4.09,2.98,6.88,12.28,5.6,5.09,4.92,6.52,5.95,2.49,1.82,1.25,5.29,6.43,7.87,7.13,6.91,8.77,9.05,25.67
"352",394541,403417,409974,439834,445121,84.95,88.42,92.54,88.06,90.2,30.8,33.38,36.39,33.29,39.16,14.59,17.81,18.87,6.66,1.62,27.87,26.67,25.12,22.85,21.82,46.16,49.17,46.36,45.58,50.56,12.4,15.76,17.48,5.91,1.53,97.89,103.39,98.94,73.09,45.44,6.05,16.66,10.47,3.45,2.47,94.91,105.84,123.26,100.81,72.9,94.35,106.93,129.73,101.11,71.23,105.98,93.52,77.08,98.9,140.39,16.91,20.97,21.55,7.9,1.38,260.69,295.94,374.92,314.49,363.68,123.47,157.86,194.39,62.89,15.01,223.02,317.29,331.73,293.29,417.86,293.88,332.97,441.91,359.63,197.4,263.49,283.41,363.86,264.14,181.67,22.39,31.64,29.8,27.34,40.58,1.81,2.01,1.71,4.66,27.83,3.42,5.21,7.22,10.38,3.48,1.65,0.85,0.69,5.41,4.8,4.55,6.71,8.77,13.54,4.38,12.14
"353",60344,60233,59956,58964,58730,92.89,83.35,78.16,82.02,73.79,57.29,59.45,58.04,53.8,61.09,9.81,9.21,9.09,10.16,3.98,12.45,11.96,27.64,28.73,32.88,68.82,67.81,69.9,70.52,72.39,9.67,7.82,7.11,8.57,2.94,136.18,236.54,106.64,88.58,83.96,6.34,16.73,18.13,16.02,9.78,142.07,231.62,151.84,140.42,118.84,153.24,262.7,154.72,142.31,119.45,65.26,38.07,64.63,70.27,83.71,12.81,11.86,11.72,12.28,4.62,575.42,665.12,703.3,727.03,888.43,98.52,103.07,110.14,137.28,57.83,107.06,74.67,102.58,138.22,176.23,231.55,395.21,674.38,719.41,839.29,197.36,362.62,651.07,696.51,817.16,9.9,5.56,6.62,8.39,8.94,1.09,0.72,0.93,1.01,3.05,3.46,2.56,1.55,1.74,1.65,2.99,2.36,0.77,4.2,5.86,4.77,3.9,2.43,2.59,2.68,9.35
"354",59246,59029,58778,57675,57359,89.17,70.82,67.13,50.8,45.44,62.58,65.93,63.75,59.05,67.06,7.16,3.04,4.98,3.87,0.65,24.48,19.76,37.21,53.94,53.7,66.72,64.73,66.82,65.3,67.22,7.02,5.14,3.4,5.94,0.39,64.17,185.26,95.8,89.47,104.78,14.2,23.06,18.17,5.61,6.29,69.33,226.2,146.88,109.65,111.83,67.3,236.32,148.06,109.81,112.01,148.59,42.31,67.54,91.07,89.28,7.56,9.57,5.61,14.29,1.23,733.75,875.66,897.66,929.5,1162.74,83.94,40.31,70.14,60.86,11.26,551.76,528.35,510.61,492.46,464.96,260.85,775.14,1193.75,1973.47,2267.69,237.47,749.69,1173.76,1945.55,2237.48,41.96,28.17,24.35,15.89,12.19,6.57,13.11,7.28,8.09,41.29,2.56,2.08,1.32,1.84,1.86,1.86,2.57,1.5,5.88,8.74,3.55,3.81,2.46,4.51,5.12,43.96
"355",91303,91720,91686,91607,91706,93.11,98.1,96.46,87.6,90.61,54.77,59.77,58.03,55.67,64.36,8.13,9.33,12.36,7.02,3.58,13.45,3.47,8.23,21.13,13.66,57.62,60.06,62.2,60.91,61.53,8.03,9.16,12.13,6.15,3.27,108.74,346.01,203.99,85.01,91.45,12.79,18.15,22.85,15.26,11.47,155.82,448.89,336.35,164.97,174.8,164.66,668.5,401.4,169.92,183.02,60.73,14.96,24.91,58.85,54.64,10.56,10.94,15.22,8.36,4.6,503.36,603.89,622.86,623.97,815.9,74.73,94.25,132.69,78.65,45.39,285.64,263.64,240.52,219.47,198,236.88,240.55,361.85,495.64,375.06,216.09,219.85,338.63,474.38,353.82,28.94,25.6,21.62,17.15,14.15,3.82,2.8,1.81,2.79,4.36,2.74,2.46,2.39,2.81,2.66,2.18,1.78,1.43,6.71,8.09,3.61,3.21,3,3.9,3.55,29.89
"356",58664,59033,59194,59721,59952,91.28,64.04,76.39,77.45,82.92,56.54,63.36,63.39,60.9,72.43,7.87,9,6.94,1.6,1.56,19.81,33.26,31.75,34.07,28.91,51.79,54.83,52.91,52.47,53.91,7.77,26.97,16.25,11.7,7.21,76.54,143.66,87.4,60.39,55.35,8.92,8.22,13.13,7.86,1.99,99.53,153.77,126.91,101.6,73.75,99.43,159.07,129.1,101.75,70.79,100.57,62.87,77.46,98.28,141.27,10.68,55.51,28.6,19.37,12.36,519.85,667.7,741.04,770.7,1028.29,72.33,94.87,81.1,20.24,22.13,605.17,548.02,691.15,777.7,917.72,253,807.3,694.62,712.87,466.52,208.01,760.24,653.41,654.81,402.4,60.09,33.3,45.16,47.6,53.6,8.37,5.78,8.52,38.43,41.47,6.35,3.86,3.36,5.9,7.71,3.13,3,1.49,4.94,7.4,9.11,8.09,5.77,9.94,12.41,42.08
"357",61303,61455,61397,61122,61023,99.14,98.29,98.19,90.17,89.73,54.64,58.79,59.42,55.5,64.69,10.06,14.51,20.74,14.14,8.64,3.84,8.19,19.28,20.43,16.65,63.36,66.04,69.05,68,66.4,10.03,14.48,20.38,12.75,7.75,304.55,213.2,119.33,113.58,110.02,12.77,16.76,16.14,11.26,11.55,270.9,256.54,175.63,143.88,170.54,459.05,323.65,186.82,156.62,170.54,21.78,30.9,53.53,63.85,58.64,16.78,17.85,20.53,15.56,10.25,638.25,754.99,836.18,811.47,1069.72,117.53,186.35,291.89,206.69,142.82,1503.44,1457.75,1419.71,1332.52,1334.68,238.5,358.8,537.07,598.48,514.77,192.37,316.83,497.66,504.9,514.77,127.6,111.56,99.06,82.17,72.42,12.79,7.82,4.86,6.45,9.35,7.76,5.72,4.25,7.94,2.38,3.01,2.25,1.51,2.64,3.28,8.91,6.78,5.01,9.98,2.99,98.09
"358",83998,83818,83318,81517,81244,88.87,79.55,91.31,88.39,82.12,62.95,65.79,64.81,61.66,69.4,6.77,5.66,10.77,6.96,2.44,15.42,14.5,9.21,22.29,25.97,68.28,70.91,72.82,71.82,71.49,6.08,4.55,9.83,6.46,2.1,113.53,196.06,224.07,75.32,70.73,6.49,4.84,23.06,12.24,4.86,122.32,200.48,336.52,166.05,103.29,124.12,219.6,393.85,166.05,103.41,80.57,45.54,25.39,60.22,96.7,7.7,7.57,12.22,8.77,3.39,642.59,721.91,779.74,802.1,1006.32,69.09,62.11,129.59,90.58,35.31,107.15,73.97,48.01,49.07,153.86,229.22,418.93,455.48,576.34,531.75,215.3,385.52,429.08,576.34,513.29,9.33,5.36,3.64,3.33,8.71,1.55,1.19,0.37,0.54,4.36,1.45,2.57,2.06,0.18,1.24,2.6,2.75,1.66,5.3,2.22,1.96,3.84,2.63,0.24,1.77,19.96
"359",70301,70216,69970,69067,68996,95.55,95.13,95.25,95.78,93.95,69.31,72.34,70.3,67.98,74.94,7.37,1.73,7.91,5.08,2.05,11.86,3.31,20.73,18.7,10.78,66.99,62.26,68.78,65.92,66.53,7.05,1.66,7.55,4.87,1.94,96.48,203.93,53.59,43.48,71.75,10.07,10.97,10.85,4.25,6.61,99.19,336.97,95.28,97.12,107.43,99.08,443.29,94.99,97,108.88,100.93,22.56,105.27,103.09,91.84,9.4,3.95,9.05,4.89,2.32,809.92,933.9,915.78,987.07,1221.65,86.09,22.39,103.09,73.82,33.43,375.77,356.76,535,647.2,752.22,163.72,211.72,317.5,320.98,247.75,144.28,192.26,297.98,307.45,210.06,30.73,26.29,39.12,42.69,43.35,4.36,15.94,5.19,8.77,22.5,2.38,2.07,1.87,2.86,5.42,2.59,2.41,1.12,4.61,7.49,2.92,2.69,2.28,3.57,6.7,50.05
"360",57350,57534,57429,56770,56714,76.52,88.95,98.75,97.8,72.51,67.14,70.01,69.74,66.28,76.79,9.61,9.25,7.9,8.83,8.56,3.74,30.37,9.36,10.8,34.48,65.27,69.84,67.89,68.95,68.86,7.36,8.22,7.8,9.09,13.17,1147.74,54.72,96.42,100.35,96.56,29.05,15.89,14.77,13.97,11.04,586.55,131.73,208.61,187.2,116.9,1157.27,134.68,240.07,207.08,117.65,8.64,74.25,41.66,48.29,85,10.74,10.96,10.97,10.59,23.85,751.81,839.71,912.13,949.47,1278.42,107.66,110.89,103.33,126.52,142.47,273.87,283.22,284.44,297.48,388.43,501.19,683.62,334.46,363.63,978.44,455.06,639.5,298.45,327.57,942.61,18.71,21,21.48,20.31,16.92,2.54,2.55,2.75,2.35,2.73,3.71,3.72,3.02,3.5,2.63,2.99,2.12,1.42,5.09,6.35,5.88,5.1,3.67,4.33,4.65,17.77
"361",77820,78089,77919,78088,78166,66.43,83.38,86.8,91.49,84.91,59.94,64.44,63.48,62.85,70.16,4.4,6.93,9.69,3.31,2.9,36.71,24.08,18.02,16.04,15.32,65.91,69.91,69.5,67.45,68.64,4.22,7.74,9.94,3.64,4.47,99.07,91,125.41,68.28,117.73,6.35,9.55,10.64,4.57,5.98,96.95,106.71,128.36,107.9,120.95,96.14,107.6,139.12,109.65,124.85,104.01,92.94,71.88,91.2,80.1,7.1,11.16,13.76,4.47,6.32,614.13,713.78,787.26,812.62,1002.79,45.07,76.74,120.13,42.86,41.46,326.32,383.93,347.13,335.07,326.31,696.06,395.04,435.77,314.76,360.05,546.17,351.78,342.41,261.9,313.39,21.16,28.9,24.3,23.71,19.39,7.24,5,2.89,7.82,7.87,10.14,3.71,6.78,4.71,4.23,2.01,1.58,1.01,4.11,7.52,17.96,5.23,9.06,6.23,5.83,4.38
"362",69505,69282,68985,67725,67419,85.48,84.43,86.22,86.25,73.67,71.08,72.87,71.59,68.64,76.03,6.07,9.11,5.95,5.29,0.25,3.29,20.89,14.83,26.72,29.17,62.65,64.3,62.22,63.21,65.38,6.86,7.9,12,4.82,0.89,721.3,114.85,133.96,61.44,87.63,15.34,6.76,17.46,2.97,1,450.82,169.3,210.04,109.47,91.53,661.31,174.86,223.71,109.98,91.17,15.12,57.19,44.7,90.92,109.69,9.36,10.1,18.59,5.9,2.05,693.11,764.37,811.46,860.48,1019.28,59.2,95.54,67.48,66.26,3.35,251.48,232.08,210.03,190.31,234.19,224.86,460.29,438.14,499.85,525.75,206.15,440.08,415.09,476.22,502.02,22.04,18.68,15.98,13.1,12.87,4.25,2.43,3.11,2.87,69.82,2.23,1.94,1.93,2.5,2.12,2.68,1.69,1.13,6.66,6.31,3.07,2.78,2.7,3.46,3.29,36.08
"363",47697,47434,47100,44950,44591,97.72,89.71,97.45,98.67,86.23,78.52,80.72,81.01,76.58,84.29,7.08,8.94,13.57,13.54,6.5,2.03,4.25,15.06,12.89,20.79,55.21,54.9,54.69,55.65,58.34,7.14,8.11,13.26,13.47,6.21,487.79,504.86,105.62,116.41,91.56,7.03,12.43,10.94,10.08,5.67,123.64,236.23,164.84,167.84,124.78,236.43,480.39,173.26,179.83,126.8,42.3,20.82,57.72,55.61,78.86,10.16,12.66,18.09,17.91,9.98,938.76,1115.62,1278.22,1369.88,1546.1,84.61,123.6,214.1,242.26,119.19,299.33,200.83,170.83,138.54,102.94,164.62,368.55,450.24,451.91,607.39,54.55,268.41,418.82,411.45,570.67,24.46,13.04,10.55,7.64,4.84,3.54,1.62,0.8,0.57,0.86,9.85,6.96,2.14,2.81,2.27,3.5,3.53,1.89,7.61,11.25,13.43,10.62,2.95,3.73,3.38,9.52
"364",48419,48035,47682,45053,44626,89.21,90.49,99.93,90.31,88.93,76.16,78.52,78.08,72.72,79.87,12.39,10.01,11.32,12.99,3.56,15.64,12.84,5.42,17.08,21.14,69.7,67.52,68.46,66.71,69.86,11.06,9.09,11.33,11.74,3.17,150.74,154.74,224.24,132.33,61.92,15.13,22.17,27.96,27.1,23.6,191.63,233.46,561,259.51,171.56,204.42,254.76,650.8,267.41,175.05,48.92,39.25,15.37,37.4,57.13,15.92,13.04,14.24,16.42,4.5,914.94,1048.7,1136.3,1248.63,1376.17,148.87,133.64,164.78,223.06,61.38,164.68,190.91,177.93,173.07,276.01,426.17,479.49,495.47,838.15,801.33,398.95,451.23,481.07,822.91,779.6,12.23,12.93,12.22,9.1,14.25,1.11,1.43,1.08,0.78,4.5,2.38,2.08,1.15,1.41,1.77,2.92,1.31,1.29,6.68,4.54,3.4,2.96,1.44,1.97,2.46,17.67
"365",57171,56842,56159,54155,53725,93.4,85.04,92.73,96.86,94.67,75.25,76.86,75.51,71.53,76.88,6.37,3.22,6.39,3.35,-0.55,8.18,16.41,15.91,9.96,7.85,57.72,59.56,59.53,59.43,61.51,5.98,2.94,5.95,3.84,-0.52,161.01,109.5,80.31,61.63,59.18,6.52,10.5,7.44,3.9,2.7,178.27,133.98,131.64,114.79,88.17,183.69,136.5,134.33,116.83,86.24,54.44,73.26,74.45,85.59,115.96,8.32,4.75,8.53,4.24,-0.43,1138.39,1248.93,1385.52,1480.02,1738.22,96.39,52.27,117.17,69.34,-12.52,398.91,471.36,479.99,513.45,577.12,240.58,444.28,464,288.92,198.75,231.84,421.41,436.4,258.45,167.1,24.63,24.67,24.26,24.04,24.17,4.14,9.02,4.1,7.4,-46.11,1.19,1.55,1.72,2.8,2.97,2.62,1.43,1.36,5.73,6.8,1.55,2.25,2.28,3.54,3.74,119.7
"366",82418,82396,82136,81606,81372,91.47,87.46,98.12,98.06,93.79,61.38,64.23,63.12,60.93,65.84,6.08,4.97,8.6,5.34,1.69,13.93,14.73,4.2,2.52,15.01,65.33,65.81,68.6,68.05,69.12,5.77,6.55,8.81,5.32,1.68,101.3,117.62,262.3,298.54,47.86,6.47,9.2,14.2,16.37,4.75,115.64,135.01,349.93,514.02,126.75,118.63,140.64,461.1,795.01,129.16,84.29,71.1,21.69,12.58,77.43,7.91,9.77,11.85,6.48,2.78,703.19,810.66,861.9,898.18,1036.46,69.65,62.71,117.46,78.7,26.58,348.87,364.1,341.14,318.79,294.96,239.96,324.74,276.75,311.59,377.71,206.65,291.42,252.4,287.08,353.13,27.86,25.23,24.51,21.21,17.57,5.01,5.81,2.9,4.05,11.1,3.53,2.92,2.17,2.93,3.09,3.11,2.41,1.71,6.13,9.25,4.95,4.36,2.79,3.77,4.13,32.58
"367",60474,60025,59609,57076,56761,90.88,93.78,87.94,92.56,98.01,61.05,61.92,60.9,56.9,61.63,3.28,3.03,5.41,2.07,-1.68,14.06,8.47,10.35,5.53,10.97,62.74,64.44,66.38,67.81,68.43,4.3,2.93,7.44,2.14,-1.37,84.14,107.62,175.18,176.42,2.78,9.63,7.97,12.97,16.02,8.75,159,179.41,217.6,358,121.06,166.92,194.68,235.06,402.08,122.57,59.91,51.37,42.54,24.87,81.59,7.02,4.22,11.33,2.76,-1.5,815.59,925,954.16,987.67,1170.54,43.84,45.26,84.82,35.9,-31.88,181.95,157.4,133.01,121.98,221.56,381.3,286.88,427.57,416.73,308.6,352.93,261.1,402.17,399.75,291.52,12.38,9.88,7.47,6.5,11.43,4.15,3.48,1.57,3.4,-6.95,2.24,1.78,1.51,1.36,1.34,2.54,1.61,1.16,6.93,4.01,3.17,2.52,2.19,1.86,1.74,16.27
"368",82258,81598,80955,77970,77288,94.27,88.71,91.91,94.23,92.94,70.93,62.73,62,60.7,65.32,9.68,9.28,10.01,5.47,-3.1,16.29,18.33,11.24,15.08,7.63,51.32,55.86,57.64,56.63,56.74,9.21,8.31,9.22,5.21,-2.87,89.66,108.08,165.2,69.11,52.79,8.36,9.5,14.32,7.67,6.29,118.5,136.97,220.13,144.49,128.65,119.38,140.13,236.78,148.47,132.06,83.76,71.36,42.23,67.35,75.72,13.2,14.33,14.17,6.03,-3.09,788.8,755.27,828.73,885.05,1005.76,107.66,111.7,133.82,79.77,-47.71,144.72,155.55,135.69,118.99,166.52,242.71,364.36,381.57,385.24,188.86,233.35,343.43,360.48,363.34,173.23,12.27,11.46,9.33,7.69,10.05,1.34,1.39,1.01,1.49,-3.49,1.03,1.71,1.55,1.93,1.45,1.95,1.44,1.04,6.7,5.05,1.67,2.53,2.16,2.68,2.03,30.18
"369",47115,46861,46495,44657,44316,95.64,86.46,94.9,90.64,87.47,63.32,68,68.15,63.73,71.25,13.52,15.97,17.85,16.03,9.7,9.02,17.91,12.34,18.25,14.08,62.01,62.17,64.21,62.84,66.34,13.45,13.87,17.05,16.03,12.44,210.79,172.48,200.85,140.61,162.34,19.45,24.01,32.32,32.04,35.36,265.79,228.9,332.39,262.98,327.42,337.14,251.45,394.49,288.59,373.12,29.66,39.77,25.35,34.65,26.8,18.35,20.2,23.21,22.84,18.39,734.55,911.77,1003.85,1084.65,1264.08,156.82,214.09,262.97,272.81,172.12,279.39,237.87,194.22,153.33,102.31,378.11,661.34,717.47,970.88,1032.68,335.31,618.31,671.95,920.75,979.9,23.03,15.34,12.51,8.17,5.04,1.78,1.11,0.74,0.56,0.59,4.26,3.15,3.14,3.18,3.07,3.16,2.42,1.63,6.31,9.19,5.5,4.72,4.16,4.45,4.41,20.62
"370",79470,79399,78979,77241,76975,97.17,91.59,98.21,76.87,82.86,58,64.5,62.9,58.63,66.18,6.92,7.55,11.27,2.35,-3.04,7.08,10.54,10.08,13.1,23.21,64.05,65.17,65.62,63.45,64.86,6.8,8.7,11.21,19.9,-0.33,138.71,153.66,131.57,220.4,56.64,3.21,10.71,9.13,19.03,6.2,134.23,168.56,176.5,246.41,122.56,146.64,182.78,193.47,268.17,124.04,68.19,54.71,51.69,37.29,80.62,8.14,11.21,12.89,30.77,-0.48,774.17,971.16,1046.46,1006.06,1224.93,92.36,113.67,187.46,40.38,-56.26,220.91,227.41,191.9,158.67,121.55,173.03,333.67,356.9,714.82,752.73,138.74,299.66,320.19,677.28,715.05,16.08,13.83,11.33,7.11,5.44,2.39,2,1.02,3.93,-2.16,2.94,2.29,2.32,2.19,2.16,2.73,1.61,1.31,7.17,8.75,3.48,2.95,2.75,3.37,3.07,17.61
"371",66373,66465,66518,66376,64424,79.79,86.98,83.02,95.41,69.65,49.77,52.11,50.71,48.37,49.31,9.73,6.37,12.06,9.67,6.03,23.54,23.11,19.91,14.17,34.45,63.37,62.73,63.83,62.67,66.98,9.42,6.28,10.37,10.25,4.4,126.2,75.82,148.62,97.04,100.45,10.24,7.72,14.49,12.64,7.2,142.66,107.87,167.37,177.03,119.85,146.2,108.62,175.05,188.81,120.94,68.4,92.07,57.13,52.96,82.68,15.76,10.15,16.59,14.1,7.98,649.91,732.95,764.57,798.42,864.68,127.11,89.58,181.78,159.62,105.72,203.4,256.22,234.05,196.88,155.22,560.59,467.47,614.78,502.59,1094.97,530.46,429.86,577.19,464.92,1047.34,12.43,15.85,12.89,11.38,6.17,1.6,2.86,1.29,1.23,1.47,2.23,2.61,2.24,2.86,2.54,3.11,1.78,1.3,6.04,10.43,3.7,4.17,3.57,3.93,4.53,20.98
"372",65999,65426,65064,62963,62422,95.64,89.31,89.09,93.04,82.31,66.56,68.37,67.58,63.61,70.02,7,8.32,15.06,11.95,2.92,9.56,11.64,10.49,16.86,23.95,58.03,58.49,58.69,56.8,54.09,6.86,7.43,13.51,11.18,2.66,117.6,168.05,274.31,108.82,79.86,18.27,20.19,30.93,30.67,18.2,170.91,260.77,384.17,268.51,101.11,182.93,292.58,448.78,284.63,101.96,54.67,34.18,22.28,35.13,98.07,8.92,11.9,19,14.94,5.42,847.24,962.25,1101.38,1123.84,1354.94,89.05,117.09,245.37,211.11,56.48,531.18,501.53,466.92,463.46,416.2,250.1,530.92,764.92,928.02,1059.38,228.89,497.29,728.04,897.85,603.13,39.91,31.82,25.52,24.41,17.7,5.96,4.28,1.9,2.2,7.37,2.7,2.89,2.42,3.08,20.96,2.76,2.38,1.57,6.1,8.77,3.68,4.22,3.49,4.33,33.52,69.24
"373",79967,81229,82193,84429,85368,83.55,76.43,85.21,95.32,77.75,50.78,54.9,56.1,54.23,65.02,3.64,1.14,9.38,-3.36,-4.71,19.68,22.71,15.15,17.41,20.36,61.86,60.56,58.28,58.46,54.29,4.61,1.91,10.23,-3.2,-3.57,98.79,110.11,165.31,7.12,89.28,12.25,11.25,18.98,0.26,9.06,158.12,148.23,227.46,97.4,87.7,162.08,150.68,237.74,97.29,87.36,61.7,66.36,42.06,102.78,114.47,8.74,6.24,15.47,-2.41,-3.35,592.76,687.41,784.98,743.87,1013.15,42.52,14.33,131.28,-46.1,-73.37,68.78,49.24,30.42,31.28,258.98,465.46,566.49,556.32,302.59,376.18,446.7,548.03,538.07,290.75,364.47,4.92,3.01,1.85,2.17,12.92,1.62,3.44,0.23,-0.68,-3.53,1.38,1.14,1.12,0.82,1.06,0.74,0.51,0.26,0,3.7,1.95,1.77,1.58,1.07,2.02,2.73
"374",39482,39251,38963,36950,36614,93.93,86.73,94.05,93.31,78.91,73.46,75.05,74.15,67.53,75.83,8.46,5.34,3.22,8.86,-2.94,10.62,7.73,9.72,15.97,23.11,59.87,61.04,59.09,61.83,63.51,8.73,4.65,3.05,8.27,-2.32,137.16,260.24,91.62,92.5,76.88,5.81,15.33,14.72,7.78,0.88,148.82,317.73,250.13,138.43,103.59,160.43,327.26,250.13,148.14,103.59,62.33,30.56,39.98,67.51,96.53,10.89,7.67,3.61,11.12,-1.33,896.5,1006.23,1071.33,1149.03,1313.82,103.25,71.55,46.56,150.73,-50.9,333.63,330.95,333.44,277.14,279.67,244.51,352.55,376.76,511.14,555.4,212.95,347.9,376.76,436.72,555.4,25.68,21.41,21.7,15.2,12.74,3.23,4.63,7.16,1.84,-5.49,3.43,0.92,0.49,5.36,1.1,3.91,2.87,2.27,8.39,8.64,4.58,1.36,0.66,7.1,1.71,41.35
"375",56231,56010,55469,53533,53175,98.23,97.73,85.73,94.06,92.89,76.24,79.57,78.55,74.18,82.31,9.88,15.83,8.94,8.21,2.83,4.86,5.4,14.48,15.25,15.6,60.43,62.4,61.78,60.36,63.63,10.36,15.53,7.7,7.84,2.66,253.68,378.17,166,87.95,58.36,5.6,12.63,15.62,16.99,11.9,205.53,119.27,202.24,166.04,136.48,267.12,178.09,223.95,175.45,141.27,37.44,56.15,44.65,57,70.79,13.22,19.02,11.94,10.33,4.3,882.23,1044.9,1102.78,1177.38,1376.58,114.36,207.87,125.58,130.37,47.32,399.84,356.37,313.77,381.27,438.34,173.55,304.64,530.62,497.27,463.91,142.43,112.26,484.65,459.91,424.42,33.94,26.52,19.16,22.6,24.35,3.5,1.71,2.5,2.92,9.26,3.91,15.08,3.08,3.37,3.65,3.75,2.88,1.42,5.11,6,5.03,19.6,4.48,4.72,5.16,48.13
"376",120088,120151,119946,119141,119128,90.14,93.75,95.98,98.03,96.54,66.38,69.41,68.51,67.94,73.48,4.68,5.93,8.94,4.1,2.31,10.39,6.48,12.78,5.73,4.37,57.94,61.7,61.84,61.76,63.94,4.41,6.02,8.89,4.32,2.52,141.28,193.31,98.38,104.64,131.93,6.1,11.06,10.71,10,8.74,83.42,242.74,154.17,234.89,246.65,60.39,281.04,162.75,265.98,302.76,165.59,35.58,61.44,37.6,33.03,5.86,7.12,11.22,5.07,3.07,695.62,812.39,885.24,916.44,1082.85,49,69.42,115.49,55.29,34.03,221.15,200.58,209.59,199.86,174.47,230.83,234.77,307.97,227.43,224.48,69.96,214.31,280.67,209.29,199.29,19.02,16.07,15.57,14.52,11.43,4.51,2.89,1.81,3.61,5.13,14.65,1.9,2.16,2.25,2.55,4.28,1.63,0.86,6.42,7.86,18.74,2.39,2.63,2.68,2.99,5.89
"377",77731,77394,76960,73456,72930,88.71,91.8,88.24,91.71,77.36,70.61,74.59,72.63,69.58,73.7,5.6,4.43,8.71,6.2,0.36,15.26,14.88,14.55,21.7,25.78,64.22,64.36,66.59,64.5,67.06,6.41,4.97,9.24,5.94,1.56,107.82,80.01,141.85,58.67,85.61,4.9,0,1.38,0.64,-2.68,102.2,81.22,123.47,78.12,83.93,102.7,77.27,128.56,75.49,82.47,97.37,129.42,77.78,132.47,121.25,8.67,6.47,12.51,7.53,2.45,955.45,1120.73,1205.87,1330.9,1476.21,75.75,66.59,144.67,118.68,7.25,622.73,656.57,654.51,788.38,811,288.47,246.72,387.72,435.15,634.38,236.22,193.87,331.69,375.29,571.69,40.83,40.12,34.79,37.8,31.32,8.22,9.86,4.52,6.64,111.88,4.54,4.03,4.18,5.01,4.83,2.73,1.99,3.46,5.67,7.69,6.06,5.27,5.45,6.4,7.08,32.54
"378",46997,46526,46127,43800,43390,97.79,91.7,95.75,83.62,93.2,72.93,75.59,74.55,68.96,74.55,8.21,9.4,7.32,8.25,2.28,7.81,8.59,8.43,21.51,14.54,63.57,64.3,64.4,62.26,64.32,8.22,8.88,7.15,6.98,2.38,134.66,216.69,137.8,110.74,57.68,3.32,9.24,10.85,11.89,9.44,140.34,188.06,213.32,145.23,130.53,156.13,218.38,232.8,147.6,133.08,64.05,45.79,42.96,67.75,75.14,10.53,12.2,9.58,10.86,3.23,1113.82,1285.84,1346.99,1464.8,1633.02,125.44,159.85,132.26,175.21,50.05,188.1,140.14,114.85,150.11,222.46,231.97,366.18,385.41,816.11,514.95,185.48,316.32,358.9,788.2,484.47,12.04,7.55,6.09,5.91,9.46,1.5,0.88,0.87,0.86,4.45,3.29,2.82,1.49,1.36,1.78,2.62,1.8,1.37,4.44,5.07,4.15,3.85,1.95,2.05,2.38,10.61
"379",53325,52929,52428,50466,50204,80.43,87.69,93,90.03,85.97,63.13,67.54,66.44,63.34,70.71,2.39,4.44,4.43,1.39,-3.49,12.77,15.79,18.97,10.85,14.78,59.47,62.29,61.7,58.88,58.75,1.93,3.9,4.13,1.26,-3,187.03,103.17,53.46,103.81,71.47,9.76,16.56,0,3.25,3.03,157.88,135.66,60.38,123.54,54.21,178.3,143.36,22.59,130.08,22.88,56.08,69.75,442.75,76.87,437.06,3.94,3.51,4.83,1.94,-1.79,640.3,756.31,817.44,887.92,1010.36,24.28,49.75,54.55,19.52,-49.86,518.97,604.09,560.45,535.5,611.29,309.51,330.9,324.63,265.67,234.18,258.38,287.59,62.16,218.93,58.68,41.16,47.3,42.36,34.39,36.78,21.38,12.14,10.27,27.44,-12.26,5.38,4.26,20.48,5.42,13.15,3.22,1.83,1.52,7.03,7.05,8.25,6.08,26.97,7.62,18.73,32.73
"380",36954,36514,36251,33929,33612,89.13,89.89,87.64,98.03,77.37,72.45,73.38,73.26,66.89,73.29,15.98,10.81,12,13.79,1.26,19.44,14.37,10.02,20.41,29.79,51.53,49.92,51.49,52.73,52.61,14.84,9.99,10.71,13.74,1.1,138.98,147.36,266.47,71.43,72.8,5.73,9.82,21.52,13.28,7.37,128.05,165,318.51,155.24,101.7,131.69,173.01,350.69,161.28,101.75,75.94,57.8,28.52,62,98.28,21.18,14.47,14.65,16.63,2.22,983.35,1139.1,1239.79,1332.51,1488.22,216.89,167.8,203.04,274.7,25.55,148.59,121.75,98.23,56.76,209.61,398.02,430.56,605.66,758.6,891.99,362.31,401.93,581.26,710.41,865.79,9.76,7.05,5.09,2.79,7.99,0.69,0.73,0.48,0.21,8.2,2.61,1.77,1.33,2.56,1.15,2.72,1.55,1.28,6.88,1.88,3.75,2.53,1.88,3.23,1.83,11.3
